iddesa,nonsawah,persiapan,vegetatif1,vegetatif2,generatif,real_nonsawah,real_persiapan,real_vegetatif1,real_vegetatif2,real_generatif
5103010005,0,0,0,0,0,0,0,0,0,0
5103010006,0.320033451,0.291618658,0.094738815,0.036727366,0.256881709,9.850010482,8.975458127,2.915877448,1.130397266,7.906322045
5103010003,0.268403743,0.326479803,0.085508584,0.141226131,0.178381739,26.99036214,32.83042187,8.59864177,14.20153229,17.93785618
5103010004,0.209911961,0.227706247,0.154797864,0.244202852,0.163381076,56.12131448,60.87873159,41.38620585,65.28920512,43.68098274
5103010001,0.178721734,0.305521739,0.092475057,0.249109084,0.174172387,4.588319356,7.84365326,2.374110213,6.395372343,4.471524062
5103010002,0.145028814,0.272815154,0.121101581,0.279280711,0.181773739,16.81799853,31.63650541,14.04332113,32.38627181,21.07905589
5103020004,0.208073053,0.346704693,0.207904854,0.117762225,0.119555175,1.144417948,1.906902737,1.143492842,0.647701382,0.657562746
5103020005,0.238748711,0.234977402,0.163736286,0.167963262,0.194574339,9.891843358,9.735590352,6.783926454,6.95905863,8.061609521
5103020002,0,0,0,0,0,0,0,0,0,0
5103020003,0.214582589,0.063888531,0,0.335417964,0.386110916,0.047605691,0.014173832,0,0.074413325,0.085659684
5103020001,0,0,0,0,0,0,0,0,0,0
5103030005,0.437290532,0.181649124,0.053695639,0.073828262,0.253536444,177.2694042,73.63715793,21.76720781,29.92859678,102.778933
5103030006,0.21302973,0.157585115,0.107645816,0.192889266,0.328850073,49.79858504,36.8376553,25.16366759,45.09047872,76.87315913
5103030003,0.331500663,0.158451236,0.079340365,0.112798344,0.317909392,27.89566314,13.33361529,6.676463542,9.491940638,26.7519625
5103030004,0.392132411,0.204396887,0.083759015,0.065547432,0.254164256,158.8951764,82.82324664,33.93982008,26.56034162,102.9893811
5103030001,0.390685843,0.203016191,0.104116317,0.077104411,0.225077239,101.8293753,52.91466848,27.13714785,20.09669442,58.66471764
5103030002,0.520528081,0.215863958,0.063948171,0.032984489,0.1666753,104.159542,43.19515482,12.79625921,6.600314992,33.35232736
5103040008,0.128958279,0.104911217,0.193588435,0.334837421,0.237704648,21.44795336,17.44851839,32.19704668,55.68915352,39.53432269
5103040009,0.315816014,0.140248036,0.19678853,0.149377332,0.197770088,88.60139838,39.34623805,55.20853343,41.90743939,55.48390711
5103040006,0.411500809,0.404636719,0.041861299,0.043739897,0.098261275,95.89596443,94.29635993,9.755338374,10.19312613,22.89876351
5103040007,0.233578498,0.25392808,0.065250316,0.128603502,0.318639604,37.83266068,41.12867819,10.56858006,20.82988244,51.60999036
5103040004,0.361589699,0.172120899,0.083986728,0.12119824,0.261104435,76.70074487,36.51044595,17.81534315,25.70868389,55.38571674
5103040005,0.381154375,0.22425076,0.100994953,0.073307583,0.220292329,77.16896075,45.40207124,20.44755637,14.84193906,44.60064269
5103040013,0.179512932,0.127107923,0.240633087,0.17519468,0.277551379,25.82510592,18.28601175,34.61797934,25.20387319,39.92912209
5103040014,0.11594136,0.097600363,0.344718745,0.284732049,0.157007483,42.32836952,35.63235988,125.8513999,103.9511993,57.32096627
5103040011,0.467671704,0.161500874,0.109977227,0.129031517,0.131818679,153.6928071,53.07467273,36.14225235,42.40413918,43.32009533
5103040012,0.184405104,0.185949394,0.233118516,0.157175745,0.239351241,50.54843571,50.97175051,63.90157334,43.08442587,65.61006451
5103040010,0.173462377,0.086387499,0.312325906,0.294556144,0.133268074,65.5790793,32.65960482,118.0777396,111.3597145,50.38324602
5103040002,0.156123382,0.134773991,0.198519193,0.288445805,0.222137629,69.18048895,59.72027085,87.96667529,127.8144354,98.43234014
5103040003,0.237386698,0.267149502,0.168550556,0.105450308,0.221462936,75.78113997,85.28234321,53.80652501,33.66298378,70.69778507
5103040001,0.09038255,0.147433379,0.182915584,0.288108249,0.291160237,38.12450791,62.18927269,77.15611733,121.5277201,122.8150875
5103040019,0.242605275,0.11090498,0.149284121,0.179408884,0.31779674,86.66453555,39.61797039,53.32793777,64.08923965,113.5247651
5103040017,0.250824064,0.26901604,0.11388792,0.140252244,0.226019732,47.33943745,50.77291134,21.49470814,26.47059541,42.65797618
5103040018,0.115669632,0.063345535,0.166688619,0.293751501,0.360544713,16.27484736,8.912788123,23.45327624,41.33116669,50.72904687
5103040015,0.147963915,0.190132733,0.135835928,0.191700859,0.334366565,47.46635107,60.99397311,43.57573168,61.49702305,107.2637254
5103040016,0.131569044,0.12726715,0.154967441,0.257957164,0.328239201,42.78998478,41.39088687,50.39980712,83.89498599,106.7526977
5103040020,0.123876984,0.083757251,0.096601723,0.264672361,0.431091682,14.32363014,9.684671357,11.16985016,30.60349773,49.84620714
5103050009,0.124701205,0.117065615,0.409710102,0.23338928,0.115133798,30.75840783,28.87503701,101.0578074,57.56706701,28.39854114
5103050007,0.141979274,0.1585854,0.213245745,0.205776881,0.280412699,28.53340946,31.87072327,42.85574913,41.35474011,56.35421357
5103050008,0.123571312,0.162305661,0.275031338,0.220408386,0.218683304,28.58044769,37.539202,63.61119438,50.97761147,50.5786223
5103050005,0.149386233,0.242660439,0.184560243,0.168652889,0.254740197,37.68991007,61.22284438,46.56425694,42.55085678,64.27054828
5103050006,0.129640695,0.141388377,0.170172051,0.252641558,0.306157319,25.34470796,27.64137526,33.26857295,49.391331,59.85364256
5103050003,0.141894662,0.14350366,0.299279392,0.171869424,0.243452861,15.47629862,15.65179034,32.64208236,18.7456138,26.55314242
5103050004,0.148737644,0.177837378,0.173276172,0.156696269,0.343452536,27.70898511,33.13010163,32.2803745,29.19163213,63.98327248
5103050012,0.089107203,0.071569431,0.511733377,0.240605316,0.086984672,24.22705482,19.45876957,139.1334493,65.41736197,23.64996709
5103050013,0.338956451,0.259353091,0.173385241,0.09239665,0.135908567,33.91599452,25.95087951,17.34893339,9.245212132,13.59901608
5103050010,0.100117985,0.080119573,0.237058624,0.212136252,0.370567566,5.12098357,4.098075045,12.125427,10.85066045,18.95434091
5103050011,0.153639886,0.08153511,0.33222196,0.239318939,0.193284106,12.75818832,6.770639533,27.58756496,19.87293906,16.05022685
5103050001,0.171371991,0.119369403,0.167256917,0.271010736,0.270990953,62.13965487,43.28346453,60.64752468,98.26876296,98.2615898
5103050002,0.134398234,0.134891875,0.211771914,0.189950252,0.328987725,53.25775747,53.45337157,83.91849252,75.27126025,130.367401
5103050018,0.13050444,0.083145176,0.438027569,0.29592742,0.052395395,8.720009014,5.555571042,29.26800315,19.77319526,3.500940798
5103050016,0.116299307,0.02313917,0.484661009,0.284776172,0.091124342,9.429276731,1.876069992,39.29518491,23.08898821,7.388149252
5103050017,0.226019533,0.163142755,0.14633727,0.181044108,0.283456334,41.95039841,30.28014217,27.16095681,33.60272621,52.61096691
5103050014,0.154252786,0.16741751,0.24842495,0.170846774,0.25905798,26.8633418,29.15599731,43.26355799,29.75320844,45.11531531
5103050015,0.091478134,0.181592928,0.195162375,0.235356418,0.296410146,19.12821729,37.9713582,40.80875024,49.21338604,61.97981362
5103060001,0.242876842,0.197618066,0.155039759,0.239090004,0.165375329,63.69320769,51.82432547,40.65838277,62.70012893,43.36883292
5103060006,0.155723102,0.113919901,0.180660301,0.21441442,0.335282276,58.61819544,42.88239157,68.0052011,80.71112263,126.2089037
5103060007,0.166540368,0.107004511,0.1351538,0.239159738,0.352141584,102.1507786,65.63330139,82.89921571,146.6932838,215.9928998
5103060004,0.293601564,0.289397982,0.099874597,0.137392212,0.179733646,30.762989,30.32254598,10.46466194,14.39568318,18.83213455
5103060005,0.184713871,0.120054855,0.159623693,0.226891509,0.308716071,50.12827646,32.5808936,43.31921899,61.57458683,83.78041376
5103060002,0.062467118,0.071896322,0.538369393,0.262008528,0.065258638,8.079906883,9.299542043,69.63622953,33.88990212,8.440980444
5103060003,0.076918816,0.091351138,0.455511593,0.306261533,0.06995692,11.4143541,13.55603603,67.5955627,45.44762635,10.38124488
5106010008,0.385325486,0.145699194,0.04558614,0.173716649,0.249672531,39.12913539,14.79550072,4.62919349,17.64062471,25.35381293
5106010009,0.136815886,0.040291788,0.208535327,0.351332229,0.263024769,7.803792837,2.29818902,11.89457263,20.03951453,15.0025766
5106010006,0.376834994,0.201323337,0.139748654,0.138636484,0.14345653,2.615517232,1.397334813,0.969960376,0.962241085,0.995695817
5106010007,0,0,0,0,0,0,0,0,0,0
5106010004,0.445092268,0.283644932,0.047943438,0.106976621,0.116342741,98.03642956,62.47589189,10.5600655,23.56276819,25.62575853
5106010005,0.277109471,0.19052816,0.084952322,0.177356016,0.270054031,36.09064544,24.81432422,11.0641622,23.09878856,35.17174721
5106010002,0.279723156,0.150867005,0.241935827,0.144473375,0.183000637,64.07344966,34.55763039,55.41787541,33.09310411,41.91816754
5106010003,0.265887678,0.092979002,0.241590757,0.221179166,0.178363397,50.92861962,17.80937083,46.27474239,42.36506823,34.16405636
5106010001,0.196363628,0.181441075,0.147683373,0.216386381,0.258125542,47.14563594,43.56282763,35.45782193,51.95296939,61.97427167
5106020009,0,1,0,0,0,0,0.009715223,0,0,0
5106020007,0.069008895,0.080518661,0,0.446002907,0.404469537,0.016651589,0.019428853,0,0.10761884,0.097596992
5106020008,0,0,0,0,0,0,0,0,0,0
5106020005,0.394197659,0.187386291,0.059691276,0.113227261,0.245497513,54.08598735,25.71038247,8.189956267,15.53537432,33.68354701
5106020006,0.51075876,0.050215074,0.348635755,0.090390411,0,0.054884828,0.005395983,0.037463505,0.009713122,0
5106020003,0.107542792,0.14116131,0.358074427,0.255680797,0.137540674,19.54828942,25.6592013,65.08797503,46.47565991,25.0010704
5106020004,0.336995871,0.135623022,0.172063918,0.158226863,0.197090325,47.39536613,19.07412924,24.19920566,22.25315129,27.71893937
5106020001,0.231292579,0.096896707,0.133667731,0.204720582,0.333422402,50.32421203,21.08260653,29.08317802,44.54272602,72.54543035
5106020002,0.174775309,0.171373674,0.231691366,0.144775375,0.277384275,35.00048765,34.31927656,46.39849209,28.99270354,55.54894976
5106030006,0.131868839,0.093310741,0.23440158,0.171658202,0.368760638,13.56577482,9.599178331,24.11365028,17.65903559,37.93560199
5106030007,0.08633081,0,0.081002235,0.638863798,0.193803157,0.309749009,0,0.290630451,2.29219938,0.695352401
5106030004,0.075562357,0.035154557,0.472120513,0.256970101,0.160192471,5.465642167,2.542830047,34.14983191,18.587385,11.58718127
5106030005,0.284932777,0.187470981,0.267066624,0.087853646,0.172675972,45.12307377,29.68864098,42.29371956,13.9128484,27.34564518
5106030002,0.22444441,0.105584058,0.126633793,0.231140991,0.312196748,25.76882054,12.12227408,14.53902769,26.53766574,35.84380636
5106030003,0.172649536,0.149142593,0.229766725,0.220476056,0.227965091,7.056607197,6.095821159,9.391125883,9.011393618,9.317488708
5106030001,0.236731959,0.203019295,0.253866174,0.160168462,0.146214111,48.68186196,41.74914674,52.20536386,32.93724692,30.06765622
5106040028,0,0,0,0,0,0,0,0,0,0
5106040025,0,0,0,0,0,0,0,0,0,0
5106040026,0,0,0,0,1,0,0,0,0,0.009870561
5106040023,0,0,0,0,0,0,0,0,0,0
5106040024,0,0,0,0,0,0,0,0,0,0
5106040032,0.383637337,0.000471585,0.015326493,0.420418614,0.180145971,0.250968449,3.09E-04,0.010026308,0.27503008,0.117848161
5106040033,0,0,0,0,0,0,0,0,0,0
5106040030,0,0,0,0,0,0,0,0,0,0
5106040031,0,0,0,1,0,0,0,0,0.039331789,0
5106040018,0,0,0,0,0,0,0,0,0,0
5106040019,0,0.85776354,0,0.001085779,0.141150681,0,0.12182711,0,1.54E-04,0.020047459
5106040016,0,0,0,0,0,0,0,0,0,0
5106040017,0,0,0,0,0,0,0,0,0,0
5106040014,0,0,0,0,0,0,0,0,0,0
5106040015,0,1,0,0,0,0,0.009716484,0,0,0
5106040012,0.138669382,0.036106635,0,0.236525519,0.588698465,0.040865595,0.010640555,0,0.069703607,0.173488285
5106040013,0,0,0,0,0,0,0,0,0,0
5106040021,0.625771405,0,0.035654189,0,0.338574406,0.343760226,0,0.019586213,0,0.185991903
5106040022,0,0,0.118919121,0.250450343,0.630630535,0,0,0.010179965,0.021439578,0.053984564
5106040020,0.873300018,0.062375376,0.064324606,0,0,0.138173764,0.009869049,0.010177456,0,0
5106040047,0,0,0,0,0,0,0,0,0,0
5106040048,0,0,0,0,0,0,0,0,0,0
5106040045,0,0,0,0,0,0,0,0,0,0
5106040046,0,0,0,0,0,0,0,0,0,0
5106040038,0.080393163,0.112547719,0.602583945,0.20237801,0.002097165,0.035483471,0.049675663,0.265965027,0.089324439,9.26E-04
5106040039,0,0.097331263,0,0.799058078,0.103610659,0,0.009563825,0,0.078515898,0.010180842
5106040036,0.31149648,0.071863089,0.256496813,0.227749421,0.132394197,0.173839507,0.040105249,0.143145372,0.127102069,0.073886363
5106040037,0,0,0.217391332,0.782608668,0,0,0,0.00308535,0.011107256,0
5106040034,0,0,0,0,0,0,0,0,0,0
5106040035,0.428089854,0.0707865,0.142696662,0,0.358426983,0.058766322,0.009717264,0.01958878,0,0.049203304
5106040043,0,0.133721097,0.831395171,0.034883732,0,0,0.003548264,0.022060913,9.26E-04,0
5106040044,0,0,0,0,1,0,0,0,0,0.009718252
5106040041,0,0,0,0,1,0,0,0,0,0.009717999
5106040042,0,0,0.622230777,0.290368877,0.087400345,0,0,0.064794514,0.030236869,0.009101226
5106040040,0,0,0.001808284,0.764922987,0.233268729,0,0,3.09E-04,0.130513182,0.039800927
5106040007,0.166510916,0.017950638,0.303104045,0.273934021,0.238500381,0.274659824,0.029609584,0.499970246,0.45185428,0.393406475
5106040008,0,0,0,0,0,0,0,0,0,0
5106040005,0.126645816,0.013056182,0.573548026,0.263145504,0.023604471,0.568443839,0.058602065,2.574343568,1.181116323,0.105947569
5106040006,0,0,0,0,0,0,0,0,0,0
5106040003,0,0,0,0,0,0,0,0,0,0
5106040004,0,0,0.082786341,0.749014041,0.168199618,0,0,0.009715891,0.08790507,0.019740083
5106040001,0.146235035,0.11319143,0.072488607,0.160406837,0.507678091,1.219069032,0.943605385,0.604291687,1.337210383,4.232191264
5106040002,0,0,0,0,0,0,0,0,0,0
5106040009,0,0,0,0,0,0,0,0,0,0
5106040010,0,0,0,0,0,0,0,0,0,0
5106040011,0.255696694,0.208128546,0.033696013,0.077302662,0.425176085,0.039786453,0.03238484,0.005243106,0.012028309,0.066157478
5106040029,0,0,0,0,0,0,0,0,0,0
5106040027,0,0,0,0,0,0,0,0,0,0
5108010012,0,0.077196658,0.629449108,0.286651872,0.006702363,0,0.453040141,3.694016314,1.682259422,0.03933382
5108010010,0.168171867,0.412259263,0.038428546,0.035963481,0.345176843,0.305134996,0.748012915,0.069725659,0.065252987,0.626296992
5108010001,0.175485738,0.493057653,0.127261835,0.101436997,0.102757778,123.9424628,348.2378717,89.88277613,71.64315082,72.57599501
5108010013,0.057883591,0.577027414,0.07687668,0.288212316,0,0.029618233,0.29525695,0.039336734,0.147474257,0
5108010014,0.010603088,0.317263021,0.438335407,0.203986749,0.029811734,0.098257815,2.940046435,4.062012792,1.890325927,0.276262524
5108010008,0.071162241,0.36000495,0.41154524,0.127575643,0.029711925,24.90437926,125.9895659,144.0269254,44.64716366,10.39816975
5108010009,0.01851506,0.171323056,0.636235569,0.162081459,0.011844856,0.265486583,2.45659335,9.122952312,2.324078525,0.169842835
5108010006,0.074678061,0.465427912,0.282235696,0.125417549,0.052240782,19.12525434,119.1973524,72.28132817,32.11977481,13.37900625
5108010007,0.062641429,0.378365468,0.412441521,0.115301195,0.031250386,14.33806195,86.60446618,94.40416935,26.39141061,7.152933486
5108010004,0.064149351,0.681457865,0.142743307,0.073951247,0.037698229,1.287454235,13.67661245,2.864806454,1.48417474,0.756589794
5108010005,0.04675835,0.217810962,0.470648916,0.229655584,0.035126189,11.97551729,55.78466642,120.5402731,58.81825246,8.996345838
5108010002,0.063315689,0.26731037,0.468405212,0.183721729,0.017247,0.216928231,0.915841972,1.604820467,0.629455828,0.059090585
5108010003,0.006674911,0.431376413,0.294539677,0.24706276,0.020346239,0.00956596,0.618214867,0.422111181,0.354070984,0.029158635
5108010011,0.000398089,0.570859718,0.251790947,0.176951246,0,3.09E-04,0.442412066,0.195136125,0.137135909,0
5108020007,0.125060249,0.403295051,0.161901669,0.061076925,0.248666107,0.039795522,0.128332841,0.05151886,0.019435337,0.079128241
5108020008,0.254947896,0,0.612643613,0.132408491,0,0.019898615,0,0.047816671,0.010334447,0
5108020005,0.239533699,0.130410804,0.558936549,0.061299846,0.009819102,70.05573675,38.14087531,163.4705764,17.92819104,2.871764735
5108020006,0.017726011,0.042859191,0.877166674,0.043850664,0.01839746,0.521201756,1.260198154,25.79152318,1.289350656,0.540944517
5108020003,0.274007382,0.08414651,0.555796173,0.081955371,0.004094565,4.593261082,1.410571077,9.316964065,1.373840418,0.068638322
5108020004,0.396019655,0.069837498,0.446801184,0.072525772,0.014815891,9.907202952,1.747121038,11.17760179,1.814373428,0.370648379
5108020001,0.011336956,0.076363551,0.874096091,0.038203402,0,0.040872006,0.275305963,3.151292255,0.13773095,0
5108020002,0.041142096,0.071628522,0.808127432,0.075739038,0.003362912,1.468061761,2.55590027,28.83618234,2.702574658,0.119997831
5108020009,0.085932626,0.223848531,0.631292799,0.042389849,0.016536195,2.356007161,6.137235242,17.30809846,1.162198703,0.453371386
5108020010,0.04326076,0.254113893,0.447100855,0.206594225,0.048930267,10.47443576,61.52688177,108.2535123,50.0212652,11.84715534
5108020011,0.03044611,0.389461485,0.263576629,0.205418579,0.111097196,0.075589035,0.96692215,0.654385839,0.509995935,0.275822755
5108020018,0,0.204545242,0.318181257,0.409091182,0.068182319,0,0.019437462,0.030236029,0.038874989,0.006479208
5108020019,1,0,0,0,0,0.18619215,0,0,0,0
5108020016,0,0,0,0,0,0,0,0,0,0
5108020017,0.031133326,0.291987611,0.466216998,0.157234957,0.053427108,0.737801029,6.919554959,11.04846238,3.726171549,1.26612155
5108020014,0.151246682,0.407477601,0.092523159,0.109081205,0.239671353,0.136678949,0.368230296,0.083611541,0.098574754,0.21658676
5108020015,0.226918257,0.71723273,0.055849013,0,0,0.13914766,0.439811489,0.034246956,0,0
5108020012,0,0,0,0,0,0,0,0,0,0
5108020013,0,0,0,0,0,0,0,0,0,0
5108020021,0.03211105,0.051445554,0.689732546,0.22133786,0.005372991,0.117079573,0.187574792,2.514822525,0.80701634,0.019590373
5108020020,0,0,0,0,0,0,0,0,0,0
5108030006,0.013956078,0.156166036,0.544167999,0.210735382,0.074974506,0.435560325,4.873842856,16.98313788,6.576917505,2.339906741
5108030007,0.048769993,0.138087028,0.668796728,0.123250679,0.021095572,1.814581551,5.137793909,24.88387077,4.585778954,0.784901402
5108030004,0.087257039,0.072286095,0.791337822,0.045154535,0.00396451,1.06250191,0.880205365,9.635875288,0.549832766,0.048274605
5108030005,0.101603657,0.121594691,0.670650452,0.099448143,0.006703057,2.536314042,3.035346676,16.7413281,2.482506328,0.167327216
5108030002,0,0,0,0,0,0,0,0,0,0
5108030003,0,0.211054761,0.582915498,0.158291141,0.047738599,0,0.012952859,0.035774707,0.009714649,0.002929815
5108030001,0.339619183,0.192565443,0.44011985,0.024285405,0.003410118,7.832667284,4.441153853,10.15052307,0.560096452,0.078647855
5108030008,0.029893499,0.021934244,0.917040331,0.027830021,0.003301904,2.877907186,2.111653758,88.28531494,2.679252076,0.31788093
5108030009,0.030084878,0.104269064,0.650511629,0.18372066,0.03141377,2.332289242,8.083317321,50.43002911,14.24269426,2.435309753
5108030010,0.20537473,0.155362081,0.59585311,0.038812371,0.004597708,13.99264496,10.58517007,40.59682043,2.644374618,0.313252273
5108030015,0.401487673,0.058833461,0.499283057,0.030958218,0.009437591,16.29135592,2.387313279,20.25964567,1.256206318,0.382953594
5108030013,0.103946816,0.212194365,0.613504184,0.059561261,0.010793374,9.078448387,18.53251176,53.58188235,5.201927781,0.94266557
5108030014,0.037914132,0.359954413,0.541901471,0.057117356,0.003112628,2.87244001,27.27076702,41.05538989,4.327309373,0.235818072
5108030011,0.036987243,0.077550731,0.83721318,0.04369973,0.004549116,2.687310142,5.634452468,60.8277681,3.17500622,0.330516233
5108030012,0.018926113,0.260081744,0.694719777,0.022450612,0.003821754,1.119690796,15.38673762,41.10042784,1.32820426,0.226099386
5108040005,0.367830267,0.068053052,0.531369006,0.029049541,0.003698135,27.33795801,5.057853159,39.49251841,2.159026036,0.274853533
5108040006,0.200605576,0.006306697,0.760649723,0.032438004,0,4.685389978,0.147300655,17.76590987,0.757629472,0
5108040003,0.115042774,0.088769186,0.473571921,0.23237751,0.090238609,14.6587739,11.31098784,60.34263142,29.60958997,11.49822211
5108040004,0.100400126,0.111430271,0.377246021,0.392615389,0.018308192,71.36909168,79.20983312,268.1640638,279.0893275,13.01431699
5108040001,0.504590447,0.105240983,0.381704545,0.008464025,0,2.924018816,0.609854221,2.211915185,0.049047636,0
5108040002,0.207195023,0.184571674,0.457455422,0.102790961,0.04798692,8.348474702,7.43691584,18.43217546,4.141739136,1.933529026
5108040009,0.252302055,0.035866921,0.627581052,0.080456824,0.003793148,149.120171,21.1987231,370.9244217,47.55306232,2.241895486
5108040007,0.211880612,0.053454954,0.693852789,0.037635254,0.00317639,4.753498465,1.199251019,15.56644628,0.84433928,0.07126167
5108040008,0.278322898,0.055770868,0.572506778,0.076578205,0.016821252,24.90364869,4.990240197,51.2264991,6.852029497,1.505124274
5108040016,0.059452633,0.236259329,0.446362811,0.185861328,0.072063899,19.07130798,75.78763451,143.1849554,59.62088534,23.11676944
5108040017,0.069092189,0.192645961,0.525977378,0.17097525,0.041309222,33.20024036,92.57040909,252.7431189,82.15717973,19.84994411
5108040014,0.116760149,0.101536808,0.660104868,0.103116127,0.018482048,56.24715328,48.91357581,317.9939393,49.67438532,8.903402583
5108040015,0.021704819,0.188030604,0.411081623,0.320940203,0.058242751,5.187528454,44.93997794,98.24995903,76.70584128,13.92022305
5108040012,0.039544944,0.194172926,0.511869701,0.233176499,0.021235929,1.386035882,6.805690251,17.94084641,8.172751291,0.744311572
5108040013,0.030798949,0.186569277,0.685422852,0.078561232,0.01864769,0.829301988,5.023621781,18.45590668,2.115363906,0.502113454
5108040010,0.059232376,0.056308695,0.775957301,0.100543914,0.007957713,23.14690462,22.00438484,303.2295986,39.29068081,3.109725536
5108040011,0.303154668,0.060105421,0.579728131,0.052617952,0.004393828,98.54432614,19.53804056,188.4480892,17.10414244,1.428270338
5108050015,0.116311337,0.111625124,0.64958178,0.090366082,0.032115676,70.06344102,67.24056691,391.2940543,54.43457886,19.34579082
5108050013,0.14588578,0.109795059,0.6418557,0.089568333,0.012895128,66.9590879,50.39406183,294.600833,41.1103393,5.918643975
5108050014,0.18408549,0.130253197,0.618842255,0.049787135,0.017031923,132.1389932,93.49746318,444.2131354,35.73786227,12.22573937
5108050011,0.078108797,0.223513194,0.522022925,0.139105363,0.03724972,49.4105068,141.3912463,330.2242284,87.99606119,23.56363976
5108050012,0.058561582,0.176030262,0.619009421,0.109492019,0.036906716,30.18334636,90.72812211,319.0449294,56.43350865,19.02216696
5108050010,0.174941044,0.178235002,0.526412718,0.10132208,0.019089157,67.51103977,68.78220243,203.1465527,39.10093826,7.366646388
5108050004,0.109822152,0.096489637,0.247961614,0.439303952,0.106422645,15.91962754,13.98696952,35.94408302,63.68073467,15.42684102
5108050005,0.056115333,0.053648603,0.393297028,0.442942949,0.053996086,14.29284934,13.66456134,100.1746742,112.8197327,13.75306695
5108050002,0.118694542,0.132950284,0.307658078,0.334354529,0.106342568,25.86496789,28.97146545,67.04239437,72.85987211,23.17332413
5108050003,0.082245816,0.033137862,0.787394843,0.092806727,0.004414751,29.49315682,11.88315977,282.357944,33.28027453,1.583119436
5108050001,0.153522127,0.174041851,0.071191398,0.228399993,0.372844631,73.86304619,83.73556006,34.25182805,109.8885198,179.3841761
5108050008,0.248932459,0.086543311,0.509654261,0.138833546,0.016036423,63.56365792,22.0984015,130.1376653,35.45045122,4.094820417
5108050009,0.138712372,0.162593489,0.598153054,0.072915148,0.027625938,44.73851965,52.44083072,192.9206594,23.51712202,8.910117674
5108050006,0.049687462,0.11401476,0.307211957,0.426482064,0.102603758,11.77709858,27.02418303,72.81646851,101.0862927,24.31950691
5108050007,0.0155587,0.078702619,0.498078381,0.371544363,0.036115939,4.412301698,22.3193266,141.2503705,105.3665064,10.2421424
5108060003,0.035942101,0.308650668,0.445812634,0.15815759,0.051437006,5.299471451,45.50889782,65.73269942,23.31949464,7.584112729
5108060004,0.056246047,0.3788365,0.331777944,0.130679421,0.102460088,4.364941639,29.39938551,25.74743371,10.14130017,7.951355345
5108060001,0.040561924,0.268495771,0.420270525,0.173437886,0.097233894,9.580760139,63.41892486,99.26824804,40.96617314,22.96672682
5108060002,0.131499087,0.346231479,0.415311656,0.068310375,0.038647403,27.62297468,72.73011272,87.2412399,14.34942099,8.118354763
5108060009,0.10555418,0.336468645,0.519869109,0.025332946,0.01277512,1.049153412,3.344322576,5.167227382,0.251796249,0.126978021
5108060007,0.051015111,0.367056755,0.407170389,0.127368529,0.047389215,1.094067579,7.8718812,8.732156227,2.731539227,1.016306786
5108060008,0.261544775,0.375183251,0.267945319,0.060291199,0.035035456,14.75882998,21.17138761,15.12000921,3.402199679,1.977031827
5108060005,0.063473749,0.488776194,0.154615303,0.153082018,0.140052736,6.582897436,50.69124788,16.03523808,15.87622032,14.52494629
5108060006,0.175524733,0.47605868,0.160724189,0.098821714,0.088870684,13.49313871,36.59612916,12.3553743,7.596736161,6.831769183
5108060025,0.090328231,0.203368614,0.473543358,0.122091936,0.110667861,14.62688715,32.93156218,76.68106818,19.77039682,17.92049158
5108060026,0.133606209,0.176458612,0.4590889,0.139135896,0.091710384,29.17855637,38.53718789,100.2614436,30.38619712,20.02883419
5108060023,0.104358025,0.274326801,0.392869537,0.109213318,0.119232318,21.39383027,56.23813789,80.53989296,22.38918544,24.44312227
5108060024,0.100544499,0.354168434,0.329651144,0.092546327,0.123089595,18.82265145,66.30287114,61.71305861,17.32533618,23.0432551
5108060021,0.145257967,0.314871625,0.402468316,0.07843507,0.058967022,45.71926577,99.10437139,126.6750202,24.68707145,18.55959438
5108060022,0.133763466,0.497563614,0.224347956,0.073561224,0.07076374,37.20776047,138.4027215,62.4048199,20.46185304,19.68370251
5108060020,0.357692136,0.245640722,0.370461347,0.004249009,0.021956786,2.480941936,1.703756685,2.569508803,0.029470996,0.152291612
5108060029,0.07035651,0.216267455,0.268153796,0.249208915,0.196013324,13.84751233,42.56558865,52.77781706,49.04910067,38.57918677
5108060027,0.081614847,0.119150228,0.581858019,0.158635267,0.05874164,5.316070551,7.760977825,37.89994593,10.33287821,3.826199692
5108060028,0.056737194,0.185966376,0.318121006,0.292148258,0.147027166,22.3156512,73.14356777,125.1221104,114.9066107,57.82815024
5108060014,0.023232477,0.383640681,0.502283831,0.081132516,0.009710495,0.118497285,1.956759869,2.561899431,0.413816517,0.049528397
5108060015,0.020167826,0.165375967,0.60939032,0.133268661,0.071797226,0.019286911,0.15815247,0.582772611,0.127447587,0.068661177
5108060012,0.026930097,0.390740724,0.540150381,0.036959949,0.005218849,0.203819303,2.957304697,4.088105394,0.279729816,0.039498639
5108060013,0.005064442,0.585711773,0.287446686,0.092541444,0.029235656,0.010183277,1.177714215,0.577980611,0.186076802,0.058785309
5108060010,0.09397454,0.364575584,0.399638781,0.075922352,0.065888743,2.518753117,9.771539014,10.71132054,2.034909234,1.765983384
5108060011,0.074955627,0.305144779,0.464370415,0.089887518,0.065641661,0.078225048,0.318454612,0.484625368,0.09380824,0.068504825
5108060018,0.032483573,0.636797741,0.110069064,0.065990278,0.154659344,0.058786968,1.15244121,0.199196883,0.119425542,0.279893898
5108060019,0.027016139,0.810887033,0.152822667,0.009274161,0,0.010337957,0.310292861,0.058478901,0.003548837,0
5108060016,0.004291839,0.278970065,0.716738096,0,0,1.54E-04,0.010029165,0.025767227,0,0
5108060017,0.108095553,0.465173718,0.243500184,0.131738967,0.051491577,0.495905116,2.134056577,1.117094859,0.604372941,0.236225597
5108070002,0.030330411,0.072345034,0.409717933,0.43668069,0.050925931,6.750531841,16.10157737,91.18946512,97.19047022,11.33440363
5108070003,0.023745983,0.07134534,0.267558769,0.54590597,0.091443937,2.86873167,8.619169047,32.32354415,65.95042943,11.04726318
5108070001,0.05165563,0.082779112,0.437650737,0.37073651,0.057178011,7.133804881,11.43205545,60.44094209,51.19987701,7.896462957
5108070008,0.094337177,0.21020312,0.243535843,0.244949418,0.206974442,34.12880249,76.04616762,88.10510313,88.61649878,74.87811358
5108070009,0.137854497,0.121745424,0.29709605,0.302607064,0.140696965,40.53661502,35.79968375,87.3621716,88.98270515,41.37245323
5108070006,0.126762367,0.149524897,0.109022824,0.313247945,0.301441967,17.99041161,21.22092299,15.47277408,44.45688081,42.78134892
5108070007,0.137890421,0.226437596,0.226289227,0.246610563,0.162772193,37.71770358,61.93835679,61.89777284,67.45634704,44.52371135
5108070004,0.075473392,0.145592581,0.234771087,0.383896793,0.160266147,37.02356911,71.42062697,115.1672571,188.321063,78.61876378
5108070005,0.059142358,0.14547581,0.29970487,0.370037888,0.125639074,24.3405057,59.87172137,123.3459125,152.2920229,51.7077556
5108070013,0.06969696,0.557221568,0.093440137,0.11954888,0.160092455,41.09647239,328.5629773,55.09652067,70.49141316,94.39773421
5108070014,0.030651448,0.53323726,0.275444898,0.12958058,0.031085815,3.74343615,65.12382819,33.63985894,15.82556969,3.796484977
5108070011,0.086412834,0.533434507,0.168167788,0.113639346,0.098345526,16.43246487,101.4391426,31.9791764,21.60992156,18.70161317
5108070012,0.031433201,0.423632094,0.4026465,0.106300443,0.035987763,8.889034876,119.799459,113.8649161,30.06083743,10.17702527
5108070010,0.054738324,0.294712493,0.379210238,0.164614759,0.106724186,15.7415884,84.75310213,109.0528729,47.33973559,30.69162686
5108080001,0.112241646,0.092837135,0.110996896,0.426215296,0.257709027,52.6306136,43.53175089,52.04694488,199.8542726,120.8409237
5108080002,0.121969291,0.160193107,0.259699467,0.329322793,0.128815342,31.88138678,41.87265817,67.88249009,86.08123626,33.6708668
5108080009,0.09320285,0.109965919,0.34342649,0.334699821,0.118704919,22.71643284,26.80211416,83.70371524,81.57675457,28.93208019
5108080007,0.045779994,0.136283237,0.192492002,0.40935146,0.216093307,18.93798697,56.37681303,79.62890972,169.3379991,89.39215298
5108080008,0.123205646,0.145961326,0.380876035,0.279664854,0.070292139,41.0063235,48.58005725,126.7663161,93.0803728,23.39521192
5108080005,0.066616493,0.17255968,0.260997155,0.350278545,0.149548127,30.48650746,78.97056307,119.4432687,160.3021856,68.43950891
5108080006,0.03226566,0.151018766,0.305202102,0.376965245,0.134548227,17.43677329,81.61246323,164.935101,203.716817,72.71157458
5108080003,0.175868693,0.068930686,0.39062036,0.311087963,0.053492298,59.11058767,23.16804231,131.28999,104.5586453,17.97910199
5108080004,0.076353198,0.113628564,0.401242215,0.365620088,0.043155934,22.79954572,33.93020452,119.8134515,109.17646,12.8866335
5108080012,0.13927686,0.270638881,0.095330418,0.211496121,0.283257721,50.52846236,98.18548851,34.58506647,76.72899741,102.7634966
5108080013,0.119195382,0.043482835,0.315855706,0.479798422,0.041667655,11.50908528,4.198549013,30.49791202,46.32764191,4.023281699
5108080010,0.157415663,0.163484212,0.262463118,0.312607814,0.104029193,39.36152568,40.87895629,65.62846782,78.16706576,26.01232733
5108080011,0.131148439,0.3841028,0.082476399,0.204670486,0.197601876,58.3037639,170.7579534,36.66596847,90.98895762,87.84651394
5108090001,0.079146601,0.188532561,0.237516744,0.354831458,0.139972636,60.92423558,145.1256532,182.8319335,273.1366233,107.7459519
5108090008,0,0,0,0,0,0,0,0,0,0
5108090009,0,0,0,0,0,0,0,0,0,0
5108090006,0,0,0,0,1,0,0,0,0,0.019440244
5108090007,0.060094215,0.51831247,0.001877906,0.359622426,0.060092984,0.009874414,0.0851668,3.09E-04,0.059091558,0.009874212
5108090004,0.087759652,0.254327508,0.0731849,0.350371364,0.234356576,15.1095601,43.78751133,12.60022823,60.32336109,40.34912046
5108090005,0.073017162,0.123437798,0.294090329,0.420446275,0.089008436,20.42203219,34.5240847,82.25356871,117.5938247,24.89460131
5108090002,0.191958754,0.383852276,0.047567548,0.156267191,0.22035423,45.29686759,90.57834199,11.22460366,36.87466248,51.99740127
5108090003,0.047876892,0.238272577,0.196773152,0.377087997,0.139989382,11.16663192,55.57382863,45.89465379,87.95063172,32.65061393
5108090010,0,0,0,0,0,0,0,0,0,0
5171010006,0.423886794,0.278614999,0.084736591,0.032585703,0.180175913,1.916028603,1.259379424,0.383021444,0.147292013,0.814420756
5171010007,0.23346676,0.253038543,0.147064776,0.111611007,0.254818913,17.8513789,19.34788024,11.24489431,8.534021634,19.48401122
5171010004,0,0,0,0,0,0,0,0,0,0
5171010005,0.306396054,0.074661782,0.069352438,0.220449953,0.329139774,11.28264137,2.74932429,2.553814497,8.117786521,12.12014968
5171010002,0.132741725,0.098340888,0.582980253,0.122326071,0.063611062,15.41904556,11.4231048,67.71796196,14.20918152,7.388949211
5171010003,0.502667554,0.395894048,0.072197813,0.010349519,0.018891066,0.942847995,0.742574106,0.135420642,0.019412478,0.035433765
5171010001,0.17364467,0.15310743,0.396726439,0.17811602,0.098405441,26.87299468,23.69468148,61.39680235,27.56497427,15.22908193
5171010008,0.212563335,0.174369305,0.054650828,0.117799587,0.440616945,18.86885175,15.47843876,4.851252279,10.45685017,39.11274637
5171010009,0,0,0,0,0,0,0,0,0,0
5171010010,0.230822195,0.118565536,0.077718136,0.220307228,0.352586905,10.72858783,5.510911815,3.612329581,10.23985342,16.38819686
5171020014,0.176242261,0.181687086,0.220568895,0.179118067,0.242383691,34.23592613,35.29361021,42.84659274,34.79456549,47.08422427
5171020015,0.117618904,0.164152448,0.457125325,0.149529532,0.111573791,24.8390831,34.66616454,96.53698104,31.57805715,23.56245954
5171020010,0,0,0,0,0,0,0,0,0,0
5171020005,0.191101514,0.185172523,0.185848006,0.201674373,0.236203583,37.13106915,35.97906486,36.11031123,39.18537822,45.89441181
5171020006,0,0,0,0,0,0,0,0,0,0
5171020003,0.279527111,0.130327986,0.069088508,0.173298268,0.347758128,27.26513237,12.71221876,6.738907359,16.90354907,33.92039996
5171020004,0.179532398,0.124658174,0.089906123,0.280148643,0.325754662,18.15292928,12.60447162,9.090612626,28.32646668,32.93779503
5171020001,0.185132348,0.231594661,0.1883671,0.24794715,0.146958741,3.307298955,4.137325485,3.365086231,4.429454714,2.625346109
5171020002,0.245484731,0.398482508,0.140760116,0.100251176,0.115021469,14.6529255,23.78532667,8.401938049,5.983968977,6.865604255
5171020007,0,0,0,0,0,0,0,0,0,0
5171020008,0,0,0,0,0,0,0,0,0,0
5171030004,0,0,0,0,0,0,0,0,0,0
5171030005,0,0,0,0,0,0,0,0,0,0
5171030002,0.138000469,0.168891664,0.452505326,0.171240119,0.069362421,20.49915019,25.0878537,67.21697897,25.43670284,10.30337579
5171030003,0.073345992,0.110988703,0.074549455,0.497543017,0.243572833,0.338032239,0.51151752,0.343578683,2.29304391,1.122562638
5171030001,0.378770554,0.147357111,0.164673699,0.168257879,0.140940757,27.59682733,10.73628534,11.9979539,12.25909351,10.26879653
5171030008,0.42475149,0.197128232,0.073854491,0.027947947,0.27631784,2.980958557,1.383470345,0.518319967,0.196142151,1.939232824
5171030009,0,0,0,0,0,0,0,0,0,0
5171030006,0,0,0,0,0,0,0,0,0,0
5171030007,0,0,0,0,0,0,0,0,0,0
5171030011,0.186865434,0.109624717,0.086211544,0.291775555,0.32552275,6.150485623,3.608186018,2.837565257,9.603495525,10.71425009
5171030010,0.536594421,0.143932625,0.224644441,0.005324787,0.089503726,0.978241118,0.262397086,0.409539161,0.009707379,0.163170211
5171031010,0.310844939,0.189539314,0.172686444,0.136820773,0.19010853,54.54985415,33.26205662,30.30456395,24.01053475,33.36194771
5171031011,0.15262525,0.147359166,0.275181597,0.22067541,0.204158576,36.87392637,35.6016521,66.48327164,53.31469609,49.32426522
5171031005,0,0,0,0,0,0,0,0,0,0
5171031006,0.216650033,0.282048745,0.393514103,0.032520015,0.075267104,0.744286084,0.9689588,1.35189027,0.111720246,0.258574889
5171031003,0,0,0,0,0,0,0,0,0,0
5171031004,0,0,0,0,0,0,0,0,0,0
5171031001,0,0,0,0,0,0,0,0,0,0
5171031002,0,0,0,0,0,0,0,0,0,0
5171031009,0.278705633,0.152377192,0.10218787,0.163342173,0.303387131,15.22044659,8.321499924,5.580601313,8.920310623,16.5683326
5171031007,0.101989895,0.119275195,0.395942088,0.253358544,0.129434277,17.03510034,19.92221783,66.13315159,42.3178023,21.61906235
5171031008,0.049154987,0,0,0.286441871,0.664403143,0.09815917,0,0,0.572004962,1.326767954
5104010008,0.224824745,0.200159195,0.301838567,0.119439373,0.15373812,47.62839298,42.40307627,63.94352135,25.30284377,32.56892212
5104010009,0.399586806,0.204948763,0.155338982,0.066088362,0.174037088,81.64070581,41.87365898,31.73774501,13.50269939,35.55800764
5104010006,0.322323573,0.269954199,0.10324562,0.112194297,0.192282311,16.42399183,13.75551133,5.260878676,5.716858359,9.797741638
5104010007,0.272142517,0.28113793,0.20441274,0.104072846,0.138233967,62.55187613,64.61946913,46.98420716,23.92111239,31.77303582
5104010011,0.149551019,0.162689268,0.244357803,0.178319588,0.265082322,29.8239515,32.44402404,48.73062945,35.56107341,52.86358048
5104010012,0.232463211,0.114463802,0.302421881,0.191783645,0.158867462,103.6312991,51.02756873,134.8186335,85.49648876,70.82256778
5104010010,0.181196692,0.204740261,0.282078803,0.150012704,0.18197154,35.53753093,40.15505607,55.32321849,29.42151445,35.68949924
5104010004,0.187038258,0.174083865,0.305338551,0.120672374,0.212866952,35.69272511,33.2206234,58.26810553,23.0280475,40.62164442
5104010005,0.158174119,0.098618509,0.350398774,0.108669748,0.284138851,61.87131049,38.57556737,137.0618118,42.50720522,111.143613
5104010002,0.268688402,0.198161813,0.197695766,0.108402445,0.227051575,83.21935994,61.37555275,61.23120662,33.57488454,70.32341754
5104010003,0.196175497,0.261755551,0.204830405,0.123306398,0.213932149,75.31926334,100.4979499,78.64221289,47.34203404,82.13672014
5104010001,0.207825912,0.278151048,0.163260702,0.155494396,0.195267942,48.10198704,64.37896982,37.78722342,35.98968657,45.1954038
5104020009,0.380103811,0.105265634,0.233415296,0.150930436,0.130284823,86.63323485,23.99213607,53.19999851,34.40005487,29.69450801
5104020007,0.181534849,0.116160713,0.377681968,0.145829262,0.178793208,36.41406852,23.30067295,75.75921159,29.25188606,35.86412284
5104020008,0.361284265,0.108161969,0.239409674,0.131935104,0.159208987,97.10200566,29.07058281,64.34589533,35.46006417,42.790438
5104020005,0.120963681,0.085586451,0.22916851,0.233166111,0.331115247,19.96140136,14.1234582,37.81733964,38.4770229,54.64056879
5104020006,0.238531095,0.232406429,0.189440933,0.171223258,0.168398285,35.60635378,34.69210392,28.27849708,25.55908229,25.13738894
5104020003,0.116972711,0.201059984,0.313124483,0.207271717,0.161571105,37.32312133,64.15330636,99.91033767,66.13531778,51.55337423
5104020004,0.096521995,0.203049682,0.347192959,0.221594649,0.131640716,31.99260221,67.30163123,115.0784985,73.4484349,43.63284328
5104020001,0.177788796,0.144801752,0.203042248,0.230055181,0.244312022,75.98535498,61.88698483,86.77845648,98.32354439,104.416792
5104020002,0.080716436,0.13845847,0.383769209,0.245690353,0.151365532,40.39370144,69.29010206,192.0533113,122.9531833,75.74930692
5104030002,0.085666839,0.153525554,0.390177684,0.265566756,0.105063167,26.23482179,47.01604022,119.4889662,81.32781147,32.17480055
5104030003,0.119119839,0.20932461,0.366056897,0.192264673,0.113233981,29.57450597,51.97011671,90.88286221,47.73455683,28.11319335
5104030001,0.06553319,0.136639367,0.383188874,0.28253388,0.132104688,9.389168219,19.57679757,54.90080346,40.47961215,18.92709842
5104030017,0.091878758,0.082061913,0.314406746,0.363528606,0.148123977,12.62481941,11.27591248,43.20180724,49.95151339,20.35332769
5104030015,0.231051988,0.131434036,0.519247938,0.029278263,0.088987775,34.6395596,19.70473027,77.84620266,4.389428344,13.34114171
5104030016,0.25542061,0.15620104,0.276864384,0.149035465,0.162478501,31.44474087,19.22985478,34.08467629,18.3477033,20.00267069
5104030008,0.354269906,0.160998424,0.284591918,0.140089765,0.060049988,6.907928523,3.139317193,5.549273569,2.731618083,1.170918039
5104030009,0.130406836,0.137027447,0.317838456,0.221293063,0.193434198,10.4358357,10.96565149,25.4350922,17.70902593,15.47961411
5104030006,0.047800831,0.113693079,0.509986396,0.237937572,0.090582122,7.424506851,17.65900364,79.21196018,36.95687105,14.06937032
5104030007,0.261268127,0.079207743,0.29262416,0.221818338,0.145081632,41.84334578,12.68550064,46.86516517,35.52527247,23.23552032
5104030004,0.287022346,0.107255049,0.200361005,0.140670833,0.264690768,12.20708465,4.561566293,8.521370486,5.982742405,11.25732074
5104030005,0.309899703,0.078371675,0.311313947,0.157123925,0.143290751,68.31677332,17.27687983,68.62854067,34.63765675,31.58816107
5104030013,0.255046916,0.175131749,0.176749477,0.196127001,0.196944856,15.33232173,10.52816622,10.62541705,11.79031029,11.83947617
5104030014,0.168205356,0.146129626,0.442203586,0.13089895,0.112562482,32.38982605,28.13889686,85.15125549,25.20605964,21.67516714
5104030011,0.147092141,0.106683229,0.345901084,0.178390466,0.22193308,43.86907343,31.81743349,103.1622758,53.20355249,66.18979431
5104030012,0.201822915,0.105826067,0.204801825,0.225973296,0.261575897,50.45900706,26.45823585,51.203783,56.49699478,65.39822329
5104030010,0.158583511,0.097917224,0.32562037,0.241297605,0.17658129,42.422721,26.19386491,87.10679934,64.54959208,47.23731207
5104040007,0.343260739,0.161667475,0.128037888,0.107912192,0.259121706,114.0412779,53.71067351,42.53793877,35.85159272,86.08782518
5104040008,0.323618872,0.068479527,0.173767982,0.215468207,0.218665413,43.4383917,9.191801731,23.32435569,28.92165193,29.35080331
5104040005,0.208232102,0.279445889,0.247151454,0.081793559,0.183376997,43.39422984,58.23472472,51.50477229,17.0452513,38.21458588
5104040006,0.234169554,0.176191474,0.121962008,0.175391352,0.292285612,24.48113245,18.41984475,12.7504538,18.3361964,30.55684512
5104040003,0.293315827,0.128070586,0.179882976,0.175205486,0.223525126,21.29296271,9.297153306,13.0584208,12.71886321,16.22657807
5104040004,0.166185687,0.147560714,0.294910993,0.200487896,0.19085471,37.01750183,32.86882935,65.69078473,44.65824461,42.51247322
5104040001,0.318908758,0.245895296,0.247849185,0.065292564,0.122054197,51.70673319,39.86858987,40.18538653,10.58630442,19.78943387
5104040002,0.256205533,0.149395671,0.179429205,0.216444349,0.198525242,33.86001144,19.7440667,23.71328545,28.60519073,26.23700941
5104050008,0.117433002,0.13342491,0.281841839,0.289734128,0.177566122,24.58882667,27.93730842,59.01373576,60.66627057,37.17986036
5104050006,0.196420778,0.190877666,0.215665571,0.185194047,0.211841938,70.60464942,68.61214379,77.52230813,66.56913225,76.14787987
5104050007,0.156060725,0.235854635,0.233608892,0.221268589,0.153207158,41.98001906,63.44441908,62.84031887,59.52080226,41.21241528
5104050004,0.151519487,0.105437462,0.213101704,0.28235211,0.247589237,35.27728753,24.54831214,49.61507079,65.73818833,57.64457677
5104050005,0.10960198,0.132802106,0.244563962,0.303714055,0.209317897,17.55144447,21.26666678,39.16398944,48.63616855,33.5197543
5104050002,0.230185177,0.168251675,0.189240027,0.17307702,0.239246101,100.620016,73.54724769,82.72181007,75.65653353,104.580785
5104050003,0.196798054,0.152235366,0.232976454,0.202675956,0.215314171,80.52189571,62.28862562,95.32465066,82.92689822,88.09795066
5104050001,0.353562872,0.180613015,0.172673161,0.11683502,0.176315932,161.328155,82.41239875,78.78950162,53.31096592,80.45167126
5104060007,0.274968384,0.115873474,0.159459015,0.264999526,0.184699601,75.82675773,31.95389128,43.97327399,73.07769184,50.93375349
5104060005,0.26411105,0.130716608,0.124897476,0.225913705,0.254361161,35.84059808,17.73860434,16.94893196,30.65711293,34.51751116
5104060006,0.327673519,0.136603594,0.273837648,0.183085946,0.078799294,62.79001637,26.17648791,52.47378697,35.08360881,15.09981323
5104060003,0.241906839,0.09141587,0.289322302,0.176323988,0.201031001,77.30812727,29.21450972,92.46107059,56.34928467,64.24510484
5104060004,0.232845997,0.092690323,0.306241093,0.227900081,0.140322505,63.97444314,25.46666848,84.13974732,62.61555259,38.55361136
5104060001,0.084044392,0.058353567,0.608905815,0.178731705,0.069964522,16.00738733,11.11422341,115.9743206,34.04186262,13.3256863
5104060002,0.259202923,0.078564658,0.332040206,0.175036832,0.155155381,67.4605314,20.44735258,86.41726898,45.55534168,40.38096625
5104070006,0.336911059,0.17675419,0.158210015,0.137797617,0.19032712,47.34914873,24.84085994,22.23467982,19.36594146,26.74838616
5104070007,0.339774986,0.163073313,0.081451304,0.094547044,0.321153353,61.40012231,29.468683,14.71891759,17.08542504,58.0350408
5104070004,0.087902402,0.18460524,0.331130879,0.142752571,0.253608908,9.369357289,19.67673711,35.29463885,15.21573724,27.03171274
5104070005,0.170823324,0.069636259,0.327346601,0.33031944,0.101874375,35.19807031,14.34852035,67.44962222,68.0621743,20.99116984
5104070002,0.138722101,0.074376268,0.464100943,0.220662927,0.102137761,30.32707288,16.25995049,101.4605676,48.24076781,22.32909758
5104070003,0.070101826,0.072133699,0.556108457,0.161502882,0.140153136,16.57143866,17.05175503,131.4590178,38.17782309,33.13093586
5104070001,0.054048175,0.158290033,0.290824025,0.261957132,0.234880634,8.491051966,24.86760905,45.68890428,41.15387071,36.90011091
5104070008,0.180555803,0.069651116,0.153776688,0.309277269,0.286739124,32.08301318,12.37632709,27.3246244,54.9555679,50.95075833
5104070009,0.25024297,0.157105679,0.206168247,0.177390424,0.209092679,63.40472665,39.80628354,52.2373969,44.94588335,52.97836787
5101010009,0.24342113,0.148732692,0.356519071,0.136899679,0.114427429,118.485128,72.39557226,173.5355012,66.6358584,55.69750077
5101010010,0,0,0.962623653,0.037376347,0,0,0,1.020973525,0.039641931,0
5101010007,0.200043099,0.038404437,0.516188116,0.167416164,0.077948184,74.98354265,14.39540139,193.4863725,62.75376224,29.2178584
5101010008,0.202973964,0.161599113,0.423578875,0.142178894,0.069669154,99.53555858,79.24591732,207.7170833,69.72251671,34.16476671
5101010005,0.208241297,0.102574141,0.371498477,0.185061277,0.132624808,230.4079317,113.4928376,411.0433267,204.7604705,146.7423032
5101010006,0.176089889,0.056859406,0.402069736,0.194810037,0.170170932,140.3690863,45.32516265,320.5076773,155.2917486,135.650822
5101010003,0.174071054,0.056493768,0.569793234,0.16042926,0.039212685,52.90245167,17.16918916,173.1675565,48.75653352,11.91724368
5101010004,0.322725513,0.101679892,0.379857471,0.120221415,0.075515709,149.4044468,47.07228695,175.8534511,55.65600891,34.95968641
5101010001,0,0,0,0,0,0,0,0,0,0
5101010002,0.251644168,0.069171419,0.538545492,0.126181339,0.014457582,173.5026695,47.69204842,371.3143091,86.99903226,9.968159008
5101020017,0.171790504,0.15431103,0.344599519,0.168939926,0.160359021,251.6667084,226.0599274,504.8254965,247.4907163,234.9200101
5101020018,0.185173219,0.079023614,0.470363448,0.15609699,0.109342728,87.33823923,37.2720384,221.850198,73.62423307,51.57225966
5101020015,0.161082557,0.112577506,0.533805006,0.170896208,0.021638723,97.1549825,67.89975156,321.9579879,103.0739663,13.05113241
5101020016,0.256343757,0.106935466,0.466289007,0.134891059,0.035540711,161.9665391,67.56539574,294.6169542,85.22867201,22.45580721
5101020013,0.075137933,0.296486257,0.344623148,0.203464024,0.080288638,37.66733814,148.6312927,172.7627595,101.9983901,40.24943402
5101020014,0.325956088,0.319397292,0.211948473,0.106012653,0.036685494,9.135850447,8.952021476,5.940461373,2.971307419,1.028215775
5101020012,0.153257239,0.203731737,0.472037067,0.1345738,0.036400156,0.953704527,1.2678023,2.93743963,0.837439351,0.226514545
5101020004,0.059542,0.225937646,0.338047362,0.269798576,0.106674416,19.11542674,72.53526172,108.5270839,86.61642102,34.24686766
5101020002,0.12044552,0.118941758,0.488189728,0.226286381,0.046136614,40.56170195,40.0552893,164.4046728,76.20508251,15.53714561
5101020003,0.099931381,0.133992155,0.452687929,0.262239977,0.051148559,26.91751676,36.09212675,121.93602,70.63695993,13.77737569
5101020001,0.248954406,0.082892225,0.529955631,0.120610117,0.017587621,44.89353931,14.94781877,95.56602873,21.74942438,3.171546763
5101020019,0.138855808,0.146757647,0.467994962,0.163281168,0.083110415,48.79191452,51.56850631,164.4466343,57.37463148,29.20379294
5101021007,0.111835161,0.402239567,0.39872972,0.071196255,0.015999297,17.79497196,64.00350105,63.44502167,11.32859599,2.545773985
5101021008,0.115396184,0.118768712,0.439544944,0.233330316,0.092959845,46.30188626,47.65508869,176.3642379,93.6221058,37.29946702
5101021005,0.055744974,0.154763775,0.486286798,0.233753109,0.069451343,20.52096462,56.97198745,179.0129846,86.04971778,25.56658403
5101021006,0.125222553,0.164205076,0.42996283,0.198009713,0.082599829,54.00127448,70.81219125,185.4182036,85.39018441,35.62054858
5101021003,0.012571498,0.223312341,0.572279091,0.152105565,0.039731505,1.880148342,33.397795,85.58801407,22.74836422,5.942101754
5101021004,0.170726933,0.341336422,0.409697168,0.051189006,0.027050471,29.36578807,58.71137535,70.46972621,8.804735563,4.652800733
5101021001,0.041186049,0.136743146,0.398030106,0.356024932,0.068015767,6.853787591,22.75548401,66.23635608,59.24625749,11.31853223
5101021002,0.023335165,0.376206148,0.539006325,0.057791214,0.003661147,1.906516911,30.73658897,44.03759996,4.72162613,0.299121063
5101021009,0.093455592,0.127252702,0.511246219,0.164409532,0.103635955,18.14258692,24.70363894,99.24851759,31.9169155,20.11890651
5101021010,0.072676276,0.257379585,0.478045907,0.149138091,0.042760141,15.63630731,55.37524085,102.85162,32.08707375,9.199848108
5101030009,0.064755246,0.191586598,0.505334943,0.18195986,0.056363353,22.67737799,67.09389512,176.9690049,63.72259774,19.7385252
5101030007,0.062707671,0.068407028,0.62547108,0.214956202,0.028458019,61.18345307,66.74427734,610.2679313,209.731322,27.76629824
5101030008,0.020406153,0.034833,0.875957009,0.060757573,0.008046265,0.845137329,1.442636896,36.27846849,2.516324049,0.333242587
5101030010,0.038230569,0.135114251,0.466720153,0.269934412,0.090000615,13.30122131,47.00909725,162.3817838,93.91587439,31.31311209
5101030011,0.097243983,0.184823501,0.500693786,0.180184823,0.037053907,31.56808935,59.99882599,162.5390662,58.4929827,12.02872401
5101030005,0.020327602,0.234836748,0.38141415,0.339314853,0.024106647,4.426418208,51.13666052,83.05448813,73.88719433,5.249320699
5101030006,0.028608087,0.141880559,0.312086077,0.432472851,0.084952425,9.984871837,49.51953528,108.9251246,150.9428413,29.65032469
5101030003,0.177936668,0.083465725,0.622665284,0.08810759,0.027824733,23.00555886,10.79134324,80.50483944,11.39149323,3.59747963
5101030004,0.199054758,0.47260913,0.143266068,0.082379319,0.102690726,16.82721762,39.95230641,12.11108603,6.963986943,8.681024291
5101030001,0.071805716,0.151548809,0.440966965,0.292511093,0.043167418,8.652180809,18.26077045,53.13401397,35.24592484,5.201428567
5101030002,0.01327709,0.039953775,0.303335248,0.522008164,0.121425724,2.938628036,8.842998395,67.1374138,115.5364515,26.87524494
5101040008,0,0,0,0,0,0,0,0,0,0
5101040006,0.012716711,0.0853496,0.778593064,0.117065307,0.006275317,1.07467409,7.212793034,65.79797219,9.893049635,0.530319564
5101040007,0,0,0,0,0,0,0,0,0,0
5101040004,0.031098234,0.140923739,0.441116568,0.317329044,0.069532416,6.474770561,29.34085835,91.84214692,66.06911359,14.47691334
5101040005,0.025184537,0.085880539,0.630509943,0.249495048,0.008929933,2.051340089,6.995172956,51.35652558,20.32196154,0.727364153
5101040002,0.204659927,0.162042181,0.476849048,0.12396024,0.032488605,49.129981,38.89930675,114.4707957,29.75748265,7.799106511
5101040003,0.098285009,0.089501484,0.705454881,0.092043123,0.014715503,7.545080912,6.870792886,54.15591064,7.065907789,1.129670347
5101040001,0.237433273,0.139804942,0.49708324,0.104395561,0.021282983,126.9259594,74.73626658,265.7284144,55.80728682,11.37735693
5107010005,0.295833397,0.123554628,0.124019311,0.169984406,0.286608258,49.43478269,20.64640516,20.72405535,28.40498158,47.89323018
5107010006,0.402021568,0.148203798,0.108393089,0.084487341,0.256894204,73.87544207,27.23391465,19.91830298,15.52538513,47.20685267
5107010003,0.237389871,0.19260635,0.178502768,0.270170355,0.121330657,25.04295533,20.31861005,18.83078168,28.50106491,12.79952762
5107010004,0.242376361,0.11996447,0.228802963,0.243230051,0.165626156,36.44496409,18.0384785,34.40399766,36.57332922,24.90440592
5107010001,0.154211055,0.054194079,0.440641106,0.239403298,0.111550462,24.93543096,8.763007955,71.25024768,38.71074229,18.0373505
5107010002,0.267634836,0.165267131,0.20302546,0.211874572,0.152198001,69.05057182,42.63940412,52.3811636,54.66426041,39.2675301
5107020008,0.181863507,0.159651024,0.344157838,0.171188975,0.143138657,29.49598368,25.89339706,55.81809213,27.7647083,23.21529802
5107020009,0.311101891,0.132223373,0.304910126,0.111262858,0.140501752,21.50717388,9.140899316,21.07912323,7.691851803,9.713202322
5107020006,0.168362844,0.110442025,0.387456602,0.216719426,0.117019102,44.56066957,29.23074035,102.5483128,57.35922778,30.97149833
5107020007,0.144996906,0.177812678,0.308034776,0.128935099,0.240220541,14.71729364,18.04811885,31.26575856,13.08700828,24.38256327
5107020004,0.346531207,0.122832959,0.288145565,0.097040743,0.145449527,61.86039892,21.9273061,51.43779043,17.32305472,25.96466222
5107020005,0.345056898,0.443679258,0.065870199,0.038120198,0.107273447,44.69185103,57.46544239,8.531523763,4.937337039,13.89408229
5107020002,0.182593584,0.111271298,0.216937095,0.191616764,0.297581258,31.5119985,19.20319927,37.43900119,33.06921874,51.3565697
5107020003,0.338674295,0.210572449,0.15702469,0.113194465,0.180534101,40.92991111,25.44837834,18.97695425,13.67992627,21.81814446
5107020010,0.137174374,0.214402125,0.305828076,0.211923713,0.130671711,25.59159116,39.99939176,57.05604386,39.53701321,24.37843834
5107020001,0.105046746,0.059270026,0.661724536,0.150495755,0.023462937,15.47923648,8.733776007,97.50888019,22.17640691,3.457397371
5107030007,0.009821305,0.147242401,0.397127029,0.396741333,0.049067932,0.039308701,0.589321659,1.589457638,1.587913931,0.196389049
5107030008,0.04767974,0.182559688,0.395313451,0.285981408,0.088465713,0.598078249,2.28996589,4.958675871,3.587252359,1.109683453
5107030005,0.055190812,0.104825408,0.217303979,0.311521088,0.311158713,8.305095015,15.7740923,32.69983013,46.87758913,46.82305914
5107030006,0.060689223,0.115257411,0.29640654,0.342892644,0.184754182,1.302288958,2.473230767,6.360387322,7.357901179,3.964514954
5107030003,0,0,0,0,0,0,0,0,0,0
5107030004,0.139551085,0.163184773,0.180207907,0.135472538,0.381583697,7.638311328,8.931898298,9.863657406,7.415072534,20.88593626
5107030001,0.117819399,0.087351407,0.394569788,0.184907797,0.21535161,1.672189781,1.239762989,5.600058865,2.624363497,3.05644712
5107030002,0.410243801,0.10402642,0.264556139,0.08926861,0.131905032,50.38763018,12.77690184,32.4937436,10.96429411,16.20105396
5107030009,0.050488122,0.131900285,0.576403105,0.175722432,0.065486057,11.44582968,29.90224521,130.6725534,39.83687563,14.8459129
5107030010,0.209797928,0.382399525,0,0.364028407,0.04377414,0.142567003,0.259857447,0,0.247373457,0.029746471
5107030011,0,0,0,0,0,0,0,0,0,0
5107030012,0,0,0,0,0,0,0,0,0,0
5107040006,0.121736674,0.133732277,0.214448183,0.292415322,0.237667544,13.56962529,14.90673958,23.90390176,32.59466701,26.49209493
5107040007,0.090727237,0.137913026,0.363304334,0.213717927,0.194337475,11.48379846,17.45633886,45.98523968,27.05134281,24.59826247
5107040004,0.182027803,0.163502194,0.366756562,0.16777082,0.119942622,78.70642687,70.69619745,158.5807116,72.5418949,51.86161156
5107040005,0.198826477,0.194289513,0.223537093,0.196277909,0.187069008,77.20396806,75.44227318,86.79905647,76.21436348,72.63856362
5107040002,0.107109611,0.214371999,0.253706665,0.238918364,0.18589336,31.80895061,63.66327215,75.34471178,70.95294597,55.20580885
5107040003,0.152887226,0.185658609,0.247890475,0.190675715,0.222887976,59.28366877,71.99112588,96.12220218,73.93656254,86.42721375
5107040001,0.140265023,0.229164767,0.263595324,0.193838989,0.173135897,22.71927927,37.11872145,42.69557467,31.39686584,28.04350445
5107040008,0.194809947,0.17367578,0.302217094,0.201761495,0.127535685,5.055269248,4.506842919,7.842457762,5.235660177,3.309519032
5107040009,0.041305778,0.102822241,0.166955078,0.495383154,0.193533748,1.10846723,2.759301285,4.480347407,13.29392703,5.193603189
5107040010,0.048662621,0.154700135,0.392602749,0.346213746,0.05782075,0.52187489,1.659058117,4.210408595,3.712916767,0.620089855
5107040011,0,0,1,0,0,0,0,0.019426546,0,0
5107050005,0,0,0,1,0,0,0,0,0.156661839,0
5107050006,0,0,0,0,0,0,0,0,0,0
5107050003,0.031450844,0.051596705,0.387691788,0.435626084,0.093634579,1.011458383,1.659348792,12.46815855,14.00972434,3.011285804
5107050004,0,0,0.728571347,0.271428653,0,0,0,0.157273348,0.058592056,0
5107050001,0.189089791,0.100828368,0.274521537,0.292482904,0.1430774,46.5352324,24.81398658,67.56009133,71.98040611,35.211526
5107050002,0.099648945,0.052826168,0.423224467,0.265867073,0.158433347,10.35907756,5.491582188,43.99660316,27.63840241,16.47005232
5107050009,0.064206581,0.41753927,0.056633976,0.294528745,0.167091429,0.679893693,4.421389708,0.599706177,3.118811701,1.769357702
5107050007,0.064150409,0.094828677,0.36848809,0.395149766,0.077383058,3.551717167,5.250233746,20.40151418,21.87765026,4.284348921
5107050008,0.144589707,0.141092861,0.098619865,0.430664575,0.185032993,12.96452868,12.65098664,8.842676976,38.61521934,16.59084591
5107050014,0.101841562,0.2534924,0.26599491,0.240512973,0.138158155,4.270137171,10.62873841,11.15295888,10.08452118,5.792863547
5107050012,0.055234356,0.091937443,0.030841009,0.575337926,0.246649267,7.747691706,12.89601295,4.326050768,80.7023242,34.59735258
5107050013,0.089359195,0.310867831,0.058460396,0.283491277,0.257821302,9.871432732,34.34129948,6.458069152,31.31703529,28.48129542
5107050010,0,0,0.085644399,0.733623657,0.180731944,0,0,0.199999927,1.713184744,0.422051834
5107050011,0.05194788,0.199043181,0.025442948,0.268740879,0.454825111,1.222599822,4.684506056,0.598802945,6.324850058,10.70436562
5107060004,0.170162177,0.160835699,0.308756951,0.232238156,0.128007018,30.96002961,29.26313057,56.1765518,42.25439717,23.29014086
5107060005,0.158517974,0.147611943,0.333663152,0.259259912,0.100947019,30.49987371,28.40148348,64.19892797,49.88326801,19.42285312
5107060002,0.141913278,0.154085502,0.335652639,0.222129599,0.146218982,50.76370158,55.1178195,120.0660756,79.45782674,52.30389195
5107060003,0.118450772,0.190917623,0.295729619,0.268619363,0.126282622,18.23116764,29.384791,45.51676741,41.34413423,19.4365947
5107060001,0.084571318,0.142781192,0.518749529,0.202326704,0.051571258,6.730858211,11.36366294,41.28621368,16.1027684,4.104450894
5107060008,0.223014147,0.302958276,0.369556375,0.084641574,0.019829627,4.889465157,6.642197165,8.102324644,1.855720963,0.434753909
5107060006,0.096984014,0.082995913,0.302594711,0.316405377,0.201019985,8.283178273,7.088487262,25.84390799,27.0234448,17.16864773
5107060007,0.15648921,0.038893691,0.683453595,0.107425769,0.013737735,14.33411506,3.5625884,62.60305396,9.839996859,1.2583505
5107070003,0.290985443,0.201178434,0.242721703,0.178865131,0.08624929,38.20973284,26.41704038,31.87214906,23.48704727,11.32552298
5107070004,0.318292785,0.188564259,0.271852576,0.128608305,0.092682076,75.26941992,44.59140464,64.28730613,30.41310702,21.91732397
5107070001,0.152912448,0.12743578,0.189064196,0.32650155,0.204086026,47.59892921,39.66849494,58.8523264,101.6341338,63.52835523
5107070002,0.169339749,0.109196561,0.312309544,0.236961152,0.172192995,45.546677,29.3701894,84.00072663,63.73455227,46.31410386
5107070007,0.488705942,0.142462792,0.115790027,0.115321832,0.137719407,31.57483291,9.204387503,7.481085125,7.450835483,8.897921855
5107070008,0.336700511,0.16911105,0.265313806,0.164797961,0.064076673,12.63878287,6.34794951,9.959128312,6.186048367,2.405256683
5107070005,0.363187749,0.436489402,0.123236013,0.051996414,0.025090421,11.44353749,13.75316995,3.882994239,1.638334223,0.790564046
5107070006,0.156897014,0.082581493,0.191815512,0.442919991,0.12578599,8.316905616,4.377537017,10.16788955,23.47860975,6.667750895
5107080002,0.050999621,0.549420852,0.033122959,0.20031529,0.166141278,0.029919461,0.322323489,0.01943193,0.11751706,0.097468518
5107080003,0.274812387,0.254350287,0.007083187,0.088459886,0.375294253,9.525751084,8.81647857,0.245522698,3.066262277,13.00872817
5107080001,0.060978665,0.251705567,0.140838797,0.288935789,0.257541181,8.083129806,33.36525582,18.66912424,38.30037072,34.13880553
5107080008,0,0,0,0,0,0,0,0,0,0
5107080009,0,0,0,0,0,0,0,0,0,0
5107080006,0,0,0,0,0,0,0,0,0,0
5107080007,0,0,0,0,0,0,0,0,0,0
5107080004,0,0,0,0,0,0,0,0,0,0
5107080005,0,0,0,0,0,0,0,0,0,0
5105010009,0,0,0,0,0,0,0,0,0,0
5105010007,0,0,0,0,0,0,0,0,0,0
5105010008,0,0,0,0,0,0,0,0,0,0
5105010005,0,0,0,0,0,0,0,0,0,0
5105010006,0,0,0,0,0,0,0,0,0,0
5105010014,0,0,0,0,0,0,0,0,0,0
5105010015,1,0,0,0,0,0.002465081,0,0,0,0
5105010012,0,0,0,0,0,0,0,0,0,0
5105010013,0,0,0,0,0,0,0,0,0,0
5105010010,0,0,0,0,0,0,0,0,0,0
5105010011,0,0,0,0,0,0,0,0,0,0
5105010003,0,0,0,0,0,0,0,0,0,0
5105010004,0,0,0,0,0,0,0,0,0,0
5105010001,0,0,0,0,0,0,0,0,0,0
5105010002,0,0,0,0,0,0,0,0,0,0
5105010016,0,0,0,0,0,0,0,0,0,0
5105020008,0.079482153,0.081340306,0.447126496,0.25342062,0.138630425,17.78865534,18.20452273,100.0700008,56.71728665,31.02644751
5105020009,0.146531022,0.132244788,0.32440176,0.186671372,0.210151058,36.86745819,33.273017,81.62004292,46.96683951,52.87436897
5105020006,0.171202101,0.151607205,0.311412304,0.173512005,0.192266385,41.81210535,37.02651067,76.05516514,42.3762453,46.95656361
5105020007,0.124129492,0.08905677,0.376182882,0.181816113,0.228814744,28.66343408,20.56459605,86.86648995,41.98417393,52.83689032
5105020004,0.169421645,0.121551407,0.379516803,0.18181919,0.147690954,36.29010341,26.03630214,81.29247005,38.94565667,31.6353911
5105020005,0.352449805,0.087870029,0.209178486,0.115768117,0.234733563,56.29307076,14.03454817,33.40986194,18.4904139,37.49150331
5105020013,0.082170184,0.112762983,0.456019849,0.247676149,0.101370836,5.223861874,7.168759042,28.99086492,15.74568693,6.444518174
5105020011,0.130316383,0.155581755,0.338528552,0.221590281,0.153983028,22.90891901,27.35043541,59.51149821,38.95437931,27.06938797
5105020012,0.231039833,0.135782473,0.231307802,0.106864449,0.295005443,21.46530231,12.61519196,21.4901986,9.928494513,27.40817867
5105020010,0.0861956,0.073800649,0.41290577,0.25463368,0.172464301,9.235428003,7.907370872,44.24079066,27.28272677,18.47868827
5105020002,0.118178698,0.229165778,0.305156075,0.204134681,0.143364768,43.09412524,83.56581069,111.2758418,74.43816553,52.27828181
5105020003,0.060594492,0.183374872,0.21867729,0.318305362,0.219047985,9.478209264,28.68355417,34.20556933,49.78942318,34.26355355
5105020001,0.111528023,0.194285502,0.43108563,0.226588396,0.036512449,17.24139886,30.03508678,66.64261685,35.02887266,5.644551832
5105030009,0.144984056,0.178325712,0.422734371,0.133942301,0.120013561,0.928943625,1.142570689,2.708548851,0.858196752,0.768952362
5105030007,0.133635897,0.177310259,0.147040702,0.346219749,0.195793392,9.734665753,12.9161112,10.71113466,25.22027098,14.26250932
5105030008,0.232804553,0.250929661,0.234354243,0.098727458,0.183184085,8.868356586,9.558806638,8.927389784,3.760881357,6.978135781
5105030005,0.096383342,0.135601584,0.200825548,0.37654793,0.190641596,11.36936812,15.99554748,23.6893588,44.41755101,22.48806102
5105030006,0.19101582,0.445264867,0.167911029,0.115957151,0.079851132,35.20586687,82.06616406,30.94745407,21.37190537,14.71725397
5105030003,0.084052667,0.338532659,0.240582525,0.197650356,0.139181793,27.58285098,111.0933915,78.94992675,64.86124097,45.67410863
5105030004,0.096494467,0.370737257,0.233735498,0.10313951,0.195893268,0.373750051,1.435969049,0.905322932,0.399488157,0.758749397
5105030012,0.106147963,0.104884788,0.402503717,0.204919518,0.181544013,10.25966156,10.13757024,38.90373217,19.80636131,17.54701726
5105030013,0.048504294,0.099859297,0.531903276,0.286500383,0.033232749,1.762393711,3.628367366,19.32659793,10.40993345,1.207505209
5105030010,0.131350681,0.125390715,0.37012341,0.287929836,0.085205358,3.83193676,3.658064713,10.79773238,8.39987213,2.485724043
5105030011,0.130929234,0.405696123,0.339072536,0.087507683,0.036794423,2.399571666,7.435290736,6.214264186,1.603774428,0.674340273
5105030001,0.051997309,0.190366606,0.198725686,0.357665593,0.201244807,5.108813563,18.70380465,19.52509675,35.141181,19.77260414
5105030002,0.073554399,0.125329934,0.327070871,0.317977467,0.15606733,8.364856462,14.2529465,37.19561227,36.16147943,17.74850777
5105030018,0.043085884,0.049321807,0.213528811,0.558967135,0.135096363,3.774794187,4.321129225,18.70745689,48.97162845,11.8359175
5105030016,0.097650805,0.075601317,0.537722097,0.211272248,0.077753533,29.44117191,22.79337449,162.1202062,63.69740165,23.44225559
5105030017,0.060636816,0.048274112,0.736038627,0.143036725,0.012013719,4.01694736,3.197967518,48.75962519,9.475612906,0.795861002
5105030014,0.128773952,0.101770424,0.265287728,0.355567318,0.148600578,20.90452067,16.52090267,43.06548574,57.72102366,24.12307614
5105030015,0.140995531,0.111224739,0.218297461,0.228186948,0.301295321,19.63945083,15.49263851,30.40693723,31.78445668,41.96781708
5105040008,0.185520608,0.134756605,0.539503956,0.088712329,0.051506501,3.732927042,2.711486236,10.85555359,1.78501276,1.036380875
5105040009,0.180488667,0.192673952,0.422617568,0.141947138,0.062272675,12.24597783,13.0727374,28.67418468,9.630973114,4.225139517
5105040006,0.103273492,0.117117141,0.276977255,0.357963423,0.144668689,2.115579234,2.399169291,5.673937391,7.332956105,2.963568556
5105040007,0.201761568,0.176533701,0.464966728,0.117545781,0.039192222,1.013259078,0.886563167,2.335091679,0.590322184,0.196825765
5105040004,0.08880591,0.068664907,0.143288346,0.363738689,0.335502148,14.37716318,11.11645135,23.19755442,58.88719011,54.31585734
5105040005,0.152775602,0.124947025,0.596807225,0.087211721,0.038258427,63.10450689,51.60981393,246.5133509,36.02311195,15.80277968
5105040002,0.222037639,0.401141029,0.014126652,0.014126652,0.348568028,0.617715877,1.115987289,0.039300803,0.039300803,0.969727505
5105040003,0.076696296,0.144486082,0.078104333,0.497151764,0.203561525,10.32708351,19.45491389,10.51667437,66.94101347,27.40936623
5105040011,0.125945872,0.117906701,0.171433898,0.408600999,0.17611253,8.81111731,8.248700449,11.9934394,28.58554442,12.32075437
5105040012,0.680383122,0.113291789,0.206325089,0,0,0.331409101,0.055183512,0.100499278,0,0
5105040010,0.836061067,0,0.163938933,0,0,0.03930436,0,0.007706991,0,0
5105040001,0.083891663,0.20222183,0.32545219,0.203093289,0.185341028,12.63220937,30.45008782,49.00582568,30.58130998,27.90821633
5102010018,0.260899349,0.308757625,0.382019844,0.027091328,0.021231855,38.13426539,45.12945418,55.83780169,3.95979478,3.10334694
5102010015,0.186291398,0.19056659,0.482205464,0.119354609,0.021581939,9.593206568,9.813360555,24.83150953,6.14624954,1.111377117
5102010014,0.272163224,0.140838956,0.359820936,0.077547337,0.149629546,53.53975767,27.70574024,70.78372094,15.25505746,29.43501891
5102010006,0.188932897,0.195812468,0.319274118,0.067129226,0.22885129,29.60746175,30.68555153,50.03308779,10.51974552,35.86302823
5102010004,0.143150468,0.281804833,0.380223216,0.124557542,0.070263941,8.616456813,16.9622859,22.88624659,7.497318655,4.229299541
5102010005,0.198008,0.139962582,0.465057293,0.134343173,0.062628952,71.96187685,50.86648063,169.0153717,48.82422386,22.76118597
5102010002,0.180191276,0.135683619,0.505792913,0.144218069,0.034114123,101.8428749,76.68745191,285.8706895,81.51106436,19.28106839
5102010026,0.318379665,0.261203482,0.21190541,0.093415384,0.11509606,39.74591534,32.60814876,26.45387073,11.66179985,14.36837447
5102010024,0.115950374,0.325195836,0.469228206,0.036792203,0.052833381,25.10989684,70.42352341,101.6147807,7.967619153,11.44145286
5102010025,0.157950702,0.239635419,0.482035973,0.078601455,0.041776451,9.472900635,14.37184189,28.90951941,4.714026395,2.505491659
5102011007,0.147410654,0.085319922,0.106702086,0.237323542,0.423243796,39.1926437,22.68433921,28.36929845,63.09813268,112.5294732
5102011008,0.174513786,0.123665595,0.18413086,0.202886707,0.314803052,28.82802153,20.42838285,30.41667081,33.51495885,52.00247717
5102011005,0.177315076,0.208565464,0.0608856,0.180799169,0.372434691,22.70547361,26.70713474,7.79649655,23.15161711,47.69084634
5102011006,0.234752675,0.164124889,0.273192475,0.155892521,0.17203744,86.91980517,60.76907707,101.1525717,57.72095057,63.69878773
5102011003,0.362172245,0.316596637,0.13307357,0.031971648,0.1561859,148.158122,129.5139642,54.43799322,13.0790234,63.89282959
5102011004,0.255183918,0.243505694,0.095389864,0.065517738,0.340402786,112.64941,107.4941278,42.10928336,28.92241266,150.2687679
5102011001,0.164601609,0.364800394,0.302189714,0.089227927,0.079180356,70.46955966,156.1790516,129.3740458,38.20043323,33.89884765
5102011002,0.170860755,0.427994981,0.191359157,0.072239385,0.137545722,48.67598272,121.9301432,54.51570794,20.58005097,39.18496784
5102011009,0.296840124,0.234008703,0.053817747,0.102548928,0.312784497,49.11683928,38.72039836,8.904987602,16.96832338,51.75508504
5102011010,0.147731073,0.160743494,0.136035641,0.168320252,0.38716954,16.71299372,18.18510453,15.38987544,19.04227229,43.80095504
5102012011,0.248117518,0.065855569,0.515711594,0.152612306,0.017703012,39.67886465,10.53159897,82.47241347,24.40570535,2.831059417
5102012010,0.030530446,0.016123405,0.832915496,0.119837366,0.000593286,2.022945028,1.068335598,55.18891715,7.94041471,0.039311115
5102012001,0.194741433,0.090567659,0.530469178,0.133126063,0.051095667,24.59569002,11.43862413,66.99784046,16.81371713,6.453342627
5102012008,0.351313611,0.23110554,0.187044101,0.045250034,0.185286714,36.71432749,24.15188083,19.54720273,4.728893292,19.36354549
5102012009,0.428567023,0.164499444,0.343216848,0.032191741,0.031524944,2.672278943,1.025716812,2.140088031,0.20072779,0.196570056
5102012006,0.293086839,0.277692383,0.367455975,0.018396406,0.043368397,6.968290085,6.602278993,8.736454474,0.437383998,1.031105911
5102012007,0.333787761,0.196840116,0.44934644,0.017567613,0.00245807,7.997190284,4.71607423,10.76585004,0.420900827,0.058892674
5102012004,0.209002927,0.178217501,0.36748715,0.133175466,0.112116956,38.91626416,33.18402974,68.42596534,24.79722026,20.87613389
5102012005,0.171071628,0.206979018,0.448279234,0.134263447,0.039406674,2.909149552,3.519770778,7.623188887,2.283209974,0.670128117
5102012002,0.153024335,0.155571653,0.40819308,0.16976365,0.113447281,41.77609028,42.47151548,111.4379025,46.34597207,30.97143878
5102012003,0.221636448,0.386722813,0.180226246,0.044144144,0.167270349,37.09862431,64.73161088,30.16717622,7.389069045,27.99855287
5102020009,0.164037886,0.365407434,0.118906329,0.111264048,0.240384302,35.06154328,78.10237522,25.41510076,23.78163565,51.379866
5102020007,0.222229506,0.190531671,0.071915349,0.131412624,0.383910849,44.31190884,37.99145408,14.33970884,26.20329018,76.55069256
5102020008,0.184471971,0.138732854,0.176638031,0.255956984,0.24420016,19.65722508,14.78329151,18.82244501,27.27462603,26.02182581
5102020014,0.254850284,0.176594882,0.085412995,0.143137395,0.340004443,29.02442198,20.11206068,9.727526186,16.30165009,38.72246983
5102020015,0.35213831,0.130380258,0.051275598,0.135686062,0.330519772,139.3388299,51.59061684,20.28941922,53.69008898,130.7845159
5102020012,0.341243288,0.227734494,0.089884156,0.110519094,0.230618968,39.17039126,26.14102474,10.31755838,12.68618692,26.47212566
5102020013,0.391277284,0.11387985,0.071336663,0.133219021,0.290287183,98.02924286,28.53105947,17.87243811,33.37622775,72.72753611
5102020010,0.252656186,0.152660238,0.08100859,0.110597614,0.403077371,45.2090981,27.31629805,14.49529246,19.78981175,72.1247505
5102020011,0.195530337,0.250059761,0.103646965,0.139666326,0.311096611,56.3333976,72.04363374,29.86127767,40.2386598,89.62869598
5102020005,0.117008726,0.162926943,0.045924851,0.107400638,0.566738842,8.210505341,11.43258778,3.222547951,7.536305547,39.76807917
5102020006,0.197492841,0.314291011,0.018996375,0.110623018,0.358596756,20.70073092,32.94323794,1.991154958,11.59524222,37.58726098
5102020003,0.378694021,0.28021902,0.029836197,0.065812263,0.2454385,25.99971528,19.23878997,2.048441675,4.518423853,16.85088955
5102020004,0.177449397,0.138660985,0.049805612,0.123723174,0.510360832,36.89827287,28.83273175,10.35642332,25.7266099,106.1228357
5102020001,0.22253322,0.399059072,0.131021726,0.050790287,0.196595694,61.02138703,109.4269794,35.92779288,13.92733074,53.90899361
5102020002,0.228755387,0.294609523,0.038423726,0.091133505,0.34707786,61.6994957,79.46155589,10.36357888,24.58036655,93.61322221
5102030008,0.292163518,0.17121577,0.142137789,0.176528213,0.21795471,68.80479582,40.32148227,33.47358901,41.57256781,51.32854843
5102030009,0.324251802,0.422246948,0.061262252,0.057551474,0.134687525,42.41922446,55.23913192,8.014441887,7.528990974,17.62007275
5102030006,0.212386798,0.25796946,0.196540778,0.14752614,0.185576824,10.2569013,12.45824751,9.491641581,7.124553278,8.962153907
5102030007,0.227881122,0.231820665,0.081208453,0.111219052,0.347870707,29.25736572,29.76315858,10.42624943,14.27927185,44.66267505
5102030011,0.327116548,0.230036901,0.11737938,0.091118466,0.234348705,78.53981508,55.23124947,28.18247749,21.87730189,56.26650202
5102030012,0.266042758,0.163668206,0.107985033,0.093421566,0.368882437,36.00360631,22.14924277,14.61363066,12.64275451,49.92091551
5102030010,0.229030485,0.155525952,0.100798659,0.17451051,0.340134393,46.56891123,31.62318872,20.49545417,35.48333077,69.15973809
5102030004,0.180570911,0.094994456,0.080031017,0.189298258,0.455105359,17.9311982,9.433216028,7.947304537,18.79784822,45.19323937
5102030005,0.190277034,0.226672361,0.132468027,0.221181391,0.229401187,6.807540971,8.10965648,4.739308244,7.913206067,8.207285658
5102030002,0.309672337,0.225407895,0.132387611,0.106430272,0.226101884,98.69310174,71.83788047,42.19215719,33.91950913,72.05905586
5102030003,0.17691471,0.090745872,0.298430308,0.257147035,0.176762076,43.38124297,22.25178861,73.17807377,63.05500538,43.3438155
5102030001,0.194474748,0.098949908,0.36192492,0.18543159,0.159218834,113.1172819,57.55474563,210.5155735,107.8572801,92.61049018
5102040009,0.153273839,0.103353054,0.219859126,0.117984332,0.405529649,7.817154961,5.271133309,11.21308677,6.01734655,20.6825126
5102040007,0.116064234,0.069486081,0.517953072,0.157400045,0.139096569,27.04743844,16.192934,120.7030219,36.68027491,32.41485974
5102040008,0.099641276,0.060378085,0.491846477,0.236877618,0.111256545,22.30679225,13.51690222,110.110163,53.0300294,24.90711404
5102040005,0.400450288,0.330829578,0.065254458,0.058133605,0.145332072,62.64544077,51.75415112,10.20824405,9.094275662,22.73538557
5102040006,0.37666144,0.254242394,0.182155051,0.119756523,0.067184591,120.8682939,81.58478987,58.45241363,38.42911725,21.55911389
5102040014,0.135884453,0.134602656,0.237627295,0.198735691,0.293149906,35.03462647,34.70414508,61.26663751,51.23934761,75.58184359
5102040015,0.160061852,0.21406273,0.131168231,0.1843323,0.310374888,49.43309995,66.11059545,40.50966663,56.92872413,95.85540037
5102040012,0.263184985,0.174422551,0.249674966,0.170976331,0.141741167,67.44273142,44.69682504,63.98070807,43.8137107,36.32202432
5102040013,0.201483323,0.194355535,0.106949895,0.137040329,0.360170919,40.40830709,38.97879981,21.44924015,27.48400013,72.2337554
5102040010,0.241424812,0.150271835,0.168095492,0.155857042,0.284350818,53.86393974,33.52693126,37.50354144,34.77303855,63.4410987
5102040011,0.246288952,0.059040919,0.203554115,0.239171475,0.25194454,29.27534654,7.017949187,24.19563359,28.4293215,29.94760287
5102040003,0.160985557,0.120082249,0.255064794,0.21698109,0.24688631,97.87272748,73.00516544,155.0691096,131.9157534,150.0969211
5102040004,0.069333318,0.043476825,0.427582411,0.34602035,0.113587095,14.28771217,8.959391931,88.1131124,71.30538867,23.4072128
5102040001,0.148975043,0.045858087,0.322512165,0.281332227,0.201322478,34.09757205,10.49604955,73.8169398,64.39163034,46.07891064
5102040002,0.177878717,0.117829209,0.178441555,0.209372182,0.316478338,61.93372132,41.02571413,62.12968979,72.89909977,110.1912668
5102050008,0.402853214,0.220761926,0.076540715,0.071479159,0.228364986,54.77084961,30.01420329,10.40627174,9.718116047,31.04789502
5102050009,0.194010617,0.087541125,0.331827686,0.277192283,0.10942829,21.78274183,9.828770003,37.25629523,31.12204907,12.28617401
5102050006,0.275574302,0.184644723,0.073329168,0.151013914,0.315437893,34.96081211,23.42500534,9.302925714,19.15842312,40.01811803
5102050007,0.172044882,0.160401909,0.212139424,0.158142232,0.297271552,25.30187346,23.5895934,31.19839892,23.25727274,43.71840129
5102050004,0.211831993,0.311848363,0.182759607,0.15649587,0.137064167,22.31055053,32.84446587,19.24859125,16.48244424,14.43586015
5102050005,0.54206832,0.149423546,0.119994332,0.068417442,0.12009636,65.72817617,18.1182644,14.54984238,8.295916794,14.56221366
5102050013,0.147758376,0.194309436,0.180621988,0.131303504,0.346006695,8.284508146,10.89453031,10.12710324,7.361917346,19.39988351
5102050014,0.321007176,0.140654156,0.060644501,0.107518816,0.370175351,15.27273688,6.691980984,2.885317158,5.115482467,17.61203851
5102050011,0.331604805,0.176308383,0.10052997,0.136444221,0.255112621,50.32502834,26.75692337,15.25663536,20.70705603,38.71641684
5102050012,0.198992598,0.162019761,0.05346235,0.184542133,0.400983158,31.4277624,25.58848222,8.443540403,29.14553796,63.32900589
5102050010,0.348108733,0.195045658,0.082032715,0.062740342,0.312072551,44.01387577,24.66101697,10.37198259,7.932709994,39.45756361
5102050002,0.291379269,0.273820578,0.058374255,0.058455499,0.317970399,54.15133988,50.88814741,10.84855536,10.86365403,59.09316462
5102050003,0.068236741,0.10445886,0.313374452,0.367611205,0.146318742,6.574017596,10.06370435,30.19090812,35.41614843,14.09654066
5102050001,0.323012224,0.303818103,0.117820167,0.063444898,0.191904608,50.37222659,47.37899424,18.37349705,9.89393135,29.92661468
5102050015,0.403792178,0.270924396,0.05244356,0.06656549,0.206274376,25.95395677,17.41380947,3.370837686,4.278532211,13.25839513
5102050016,0.297094344,0.125865013,0.174983379,0.073666043,0.32839122,55.19807685,23.38485001,32.51070309,13.68664199,61.01282009
5102060009,0.260741918,0.180048415,0.142676786,0.123258929,0.293273952,49.67350605,34.30072189,27.18111559,23.48185214,55.87112941
5102060007,0.181659865,0.14656768,0.130779397,0.154408569,0.38658449,52.84686633,42.63816122,38.04517494,44.91916259,112.4617092
5102060008,0.202099937,0.119946988,0.130781689,0.15537878,0.391792605,60.78992682,36.07902482,39.3380098,46.73660373,117.8478534
5102060005,0.202173883,0.145844387,0.177374058,0.1762789,0.298328772,49.50507206,35.71201581,43.43249183,43.16432721,73.04992697
5102060006,0.283718306,0.128348284,0.14664873,0.11297519,0.328309491,61.66799831,27.89732479,31.87504454,24.55588397,71.36017904
5102060003,0.244155842,0.168693904,0.152533313,0.122276842,0.312340099,24.64422691,17.02736585,15.39617299,12.34219186,31.52650459
5102060004,0.237966111,0.143848309,0.091414281,0.155289394,0.371481905,45.93517227,27.76738595,17.64591904,29.97588629,71.70804799
5102060012,0.216275859,0.165777852,0.109400623,0.22624139,0.282304276,12.0015956,9.19935653,6.070867259,12.55460352,15.66564925
5102060010,0.220252733,0.09661562,0.079797653,0.107509947,0.495824048,36.45348101,15.99061058,13.20711075,17.79370339,82.06260278
5102060011,0.19473555,0.151105319,0.172329397,0.112732839,0.369096895,71.87240259,55.76949007,63.60280792,41.6070922,136.225156
5102060001,0.285084083,0.175641387,0.145095912,0.109089431,0.285089187,56.67599338,34.91829506,28.8457177,21.68746776,56.67700814
5102060002,0.295187303,0.164676718,0.126438452,0.126341818,0.287355709,41.6488785,23.2347412,17.83958755,17.82595306,40.54389488
5102070008,0.295064536,0.17536088,0.128764121,0.160410313,0.24040015,87.01805542,51.7160179,37.97407701,47.3069171,70.89687524
5102070009,0.16839243,0.115952169,0.105787844,0.241121117,0.36874644,48.37469538,33.30999405,30.39005199,69.26772513,105.9311081
5102070006,0.276187369,0.170835592,0.0269765,0.076561419,0.449439119,40.42833083,25.00692869,3.94882243,11.20706713,65.78893679
5102070007,0.219279816,0.132570978,0.123950956,0.156533965,0.367664285,54.18973174,32.76172823,30.63149707,38.68360387,90.85938389
5102070004,0.184501354,0.18854796,0.099412349,0.228696781,0.298841556,32.52848328,33.24191957,17.52687909,40.32035138,52.68721539
5102070005,0.385713192,0.153053632,0.086514179,0.081758917,0.29296008,86.95791645,34.50549596,19.50436987,18.43230979,66.04699741
5102070002,0.225899346,0.158064732,0.17286027,0.259393417,0.183782235,44.29054952,30.99067791,33.89153835,50.8575045,36.03293395
5102070003,0.336701149,0.184851173,0.100376161,0.138976065,0.239095453,80.1876432,44.02355007,23.90525789,33.09808455,56.94219034
5102070011,0.207284199,0.0913776,0.117228867,0.178813156,0.405296178,50.92729131,22.4504022,28.8017548,43.9322908,99.57650741
5102070012,0.191778609,0.119934051,0.097510423,0.199644465,0.391132453,15.45629195,9.666019126,7.8587991,16.09023632,31.5231058
5102070010,0.358812984,0.168780567,0.034536563,0.052688942,0.385180944,19.01041636,8.94223174,1.829795646,2.791534221,20.40742793
5102070001,0.201193592,0.180660097,0.11775881,0.230666298,0.269721203,42.85625488,38.48241438,25.0838088,49.13423717,57.4533241
5102070017,0.203935034,0.154099765,0.048882613,0.140914242,0.452168346,27.29651989,20.62611418,6.542893515,18.8612439,60.52232422
5102070018,0.208024591,0.195865037,0.119988908,0.125127408,0.350994056,28.34350126,26.68675325,16.34857573,17.0487001,47.82319453
5102070015,0.291534351,0.15281594,0.064669625,0.104440385,0.386539699,84.56971963,44.32960023,18.75968322,30.29658115,112.1293387
5102070016,0.174927364,0.237487526,0.092252801,0.125065649,0.37026666,35.08344958,47.63052202,18.50223093,25.08317911,74.26071834
5102070013,0.171148493,0.121279366,0.11856879,0.158717169,0.430286183,59.94252432,42.47651392,41.52717019,55.58861553,150.7021162
5102070014,0.193016726,0.068532134,0.128635201,0.313335586,0.296480352,55.65615967,19.76116516,37.09181811,90.34996976,85.48978166
5102080010,0.311511597,0.215497504,0.455687141,0.015701779,0.001601979,34.30705646,23.73293683,50.18524077,1.729251288,0.176427357
5102080011,0.35089356,0.023847509,0.611039669,0.014219262,0,12.11621512,0.823444993,21.09895685,0.490985466,0
5102080014,0.34136684,0.293884266,0.348525559,0.016223335,0,2.881457748,2.480660088,2.941884087,0.136940233,0
5102080012,0.320740697,0.104154506,0.572986045,0.002118752,0,1.493731157,0.485061085,2.668470559,0.009867303,0
5102080013,0.220197628,0.055508286,0.717627263,0.006642767,2.40552E-05,29.63867584,7.471434205,96.59287434,0.894118735,0.00323784
5102080007,0.031764233,0.328153234,0.619994411,0.020088121,0,0.234089747,2.418358617,4.569111844,0.148041452,0
5102080008,0.237819753,0.159770329,0.565515067,0.033053153,0.003841698,3.035372088,2.039201506,7.217855667,0.421868317,0.049032864
5102080005,0.315785378,0.13563025,0.493616733,0.052484837,0.002482803,32.46030844,13.94174666,50.74000421,5.395037628,0.255213102
5102080006,0.406149028,0.106328037,0.45998151,0.026247219,0.001294206,15.34151809,4.016342251,17.3749392,0.991439486,0.048886221
5102080003,0.259875645,0.097394532,0.623699368,0.010001743,0.009028712,105.3502946,39.48250939,252.8398229,4.054580009,3.660125431
5102080004,0.311500913,0.027186582,0.636374079,0.024012157,0.000926269,23.07592338,2.013976368,47.14246046,1.778815605,0.068617834
5102080001,0.194882243,0.145063957,0.586089731,0.045102153,0.028861915,7.430757966,5.531212803,22.34729483,1.719721515,1.100489705
5102080002,0.443455021,0.125492892,0.427475004,0.002675772,0.000901311,4.855319364,1.37400196,4.680356663,0.029296608,0.009868317
5102080009,0.576259522,0.032226156,0.388930986,0.000208033,0.002375303,28.62173909,1.600613262,19.317479,0.010332613,0.117976877
